Organization,Followed On
Qlik Financial Services,Wed Aug 20 02:16:10 UTC 2025
Pronetx,Tue Aug 19 23:36:57 UTC 2025
National Science Foundation (NSF),Mon Aug 18 21:02:20 UTC 2025
Healthcasts,Sun Aug 17 16:42:22 UTC 2025
QAD,Sun Aug 17 16:41:41 UTC 2025
Payflow,Sun Aug 17 16:39:30 UTC 2025
Risant Health,Fri Aug 15 02:20:57 UTC 2025
Capgemini Invent,Fri Aug 15 01:12:53 UTC 2025
ERM,Thu Aug 14 14:01:10 UTC 2025
Cisco,Thu Aug 14 02:48:42 UTC 2025
Addy AI,Thu Aug 14 02:34:11 UTC 2025
SaxeCap,Thu Aug 14 02:22:03 UTC 2025
American Cancer Society - Arkansas,Wed Aug 13 19:11:25 UTC 2025
Hippocratic AI,Mon Aug 11 02:59:04 UTC 2025
"Phil, Inc.",Mon Aug 11 02:53:23 UTC 2025
Astera Holdings,Mon Aug 11 02:48:17 UTC 2025
Atlanta Fine Homes Sotheby's International Realty,Sun Aug 10 04:33:07 UTC 2025
A Place for Mom,Sat Aug 09 15:49:51 UTC 2025
ACCIONA,Sat Aug 02 17:39:23 UTC 2025
OneTrust Data & Privacy Management,Wed Jul 30 15:47:27 UTC 2025
Corpay,Mon Jul 28 18:00:31 UTC 2025
Lantern,Mon Jul 28 02:35:19 UTC 2025
Dominion Energy,Sun Jul 27 23:23:03 UTC 2025
Southern Company,Sun Jul 27 23:23:02 UTC 2025
Duke Energy Corporation,Sun Jul 27 23:23:00 UTC 2025
Photronics,Sun Jul 27 22:42:14 UTC 2025
Oversight,Sun Jul 27 16:31:59 UTC 2025
VITAL4,Sun Jul 27 16:14:10 UTC 2025
Vituity,Sat Jul 26 19:26:13 UTC 2025
Natera Oncology,Sat Jul 26 19:26:10 UTC 2025
Sound Physicians,Sat Jul 26 19:26:09 UTC 2025
Core Clinical Partners,Sat Jul 26 19:26:01 UTC 2025
Joulea,Fri Jul 25 18:41:01 UTC 2025
Worth AI ,Fri Jul 25 18:08:40 UTC 2025
Claravine,Fri Jul 25 18:03:30 UTC 2025
Stax Payments,Fri Jul 25 18:03:29 UTC 2025
Measurabl,Fri Jul 25 18:03:28 UTC 2025
Sinch,Fri Jul 25 17:41:21 UTC 2025
RippleX,Fri Jul 25 16:23:19 UTC 2025
Hedera Foundation,Fri Jul 25 16:23:16 UTC 2025
Hedera,Fri Jul 25 16:23:12 UTC 2025
Longevity Health Holdings,Tue Jul 15 14:13:10 UTC 2025
Cisco Security,Thu Jul 10 05:07:35 UTC 2025
Fortinet,Thu Jul 10 05:07:32 UTC 2025
Palo Alto Networks,Thu Jul 10 05:07:48 UTC 2025
Ascidian Therapeutics,Mon Jul 07 15:26:12 UTC 2025
Mustang Bio,Mon Jul 07 15:26:09 UTC 2025
Morgan Stanley,Mon Jun 23 19:00:04 UTC 2025
EnterOne,Mon Jun 09 12:25:04 UTC 2025
Cardinal Ventures,Tue Jun 03 14:20:37 UTC 2025
Juniper Square,Fri May 23 20:09:38 UTC 2025
AWS Partners,Fri May 23 16:42:07 UTC 2025
Capital Group,Fri May 23 15:46:41 UTC 2025
Digital Sportsman,Thu May 22 20:03:22 UTC 2025
E*TRADE from Morgan Stanley,Thu May 15 21:03:54 UTC 2025
Fidelity Investments,Thu May 15 21:03:35 UTC 2025
The Home Depot,Thu May 15 21:03:18 UTC 2025
Colorado Employee Ownership Office,Thu May 15 14:44:25 UTC 2025
Georgia Center for Employee Ownership (GACEO),Thu May 15 14:44:02 UTC 2025
Allez Health,Tue May 13 17:12:14 UTC 2025
State Farm,Mon May 12 16:11:23 UTC 2025
Moneycorp,Fri May 02 12:35:19 UTC 2025
Keebler Health,Wed Apr 30 01:33:07 UTC 2025
Consolidate Health,Wed Apr 30 01:32:24 UTC 2025
Mercury,Fri Apr 25 18:35:21 UTC 2025
Empathy.co,Fri Apr 25 14:20:23 UTC 2025
Rindogatan,Fri Apr 25 14:20:04 UTC 2025
Icebreaker Labs,Fri Apr 25 14:17:55 UTC 2025
ICE Mortgage Technology,Thu Apr 24 18:59:34 UTC 2025
ICE,Thu Apr 24 18:54:55 UTC 2025
Liberty Latin America,Thu Apr 24 15:33:21 UTC 2025
SIRIN LABS,Wed Apr 23 21:15:22 UTC 2025
Neptune Technology Group,Tue Apr 22 19:45:00 UTC 2025
Hexnode,Tue Apr 22 19:44:14 UTC 2025
Experian,Tue Apr 22 17:36:50 UTC 2025
"Entanglement, Inc.",Tue Apr 22 17:28:50 UTC 2025
Interwell Health,Tue Apr 22 17:14:10 UTC 2025
Ready Health,Tue Apr 22 16:58:14 UTC 2025
Datagrid AI,Tue Apr 22 16:58:07 UTC 2025
Global Payments Inc.,Tue Apr 22 16:52:13 UTC 2025
Panasonic Well,Tue Apr 22 16:50:34 UTC 2025
Addison Group,Tue Apr 22 16:46:48 UTC 2025
VƒÅlenz Health¬Æ,Tue Apr 22 15:59:17 UTC 2025
Defy Security,Tue Apr 22 15:46:46 UTC 2025
Mitiga,Tue Apr 22 15:44:24 UTC 2025
Katalon,Tue Apr 22 15:39:37 UTC 2025
Legion,Tue Apr 22 15:30:29 UTC 2025
Fusion Life Sciences Technologies LLC,Tue Apr 22 15:23:11 UTC 2025
The AES Group,Tue Apr 22 15:04:03 UTC 2025
"Upexi, Inc (NASDAQ: UPXI)",Tue Apr 22 01:44:31 UTC 2025
Blocksquare,Mon Apr 21 14:25:59 UTC 2025
U.S. Nuclear Regulatory Commission,Tue Apr 15 16:02:07 UTC 2025
Harvard University,Tue Apr 15 02:16:38 UTC 2025
Noble Cortex Incorporated,Fri Apr 11 18:00:31 UTC 2025
Roon,Fri Apr 11 17:48:35 UTC 2025
BIP US (Formerly BIP.Monticello),Fri Apr 11 17:38:04 UTC 2025
Hydrofarm ,Thu Apr 10 16:38:44 UTC 2025
Pasithea Therapeutics,Thu Apr 10 16:20:05 UTC 2025
Compass Labs,Tue Apr 08 20:20:13 UTC 2025
Albus Health,Tue Apr 08 20:20:11 UTC 2025
Louisa AI,Tue Apr 08 20:20:10 UTC 2025
Allia Health,Tue Apr 08 20:19:31 UTC 2025
"Peachtree Data, Inc.",Tue Apr 08 18:26:45 UTC 2025
Medical Home Network,Tue Apr 08 17:52:19 UTC 2025
cunoFS,Mon Apr 07 18:27:17 UTC 2025
CentralSquare Technologies,Thu Apr 03 15:50:41 UTC 2025
MoonPay,Thu Apr 03 15:09:21 UTC 2025
C14 ,Thu Apr 03 14:54:27 UTC 2025
Expo,Thu Apr 03 14:13:16 UTC 2025
Uphold,Thu Apr 03 14:13:15 UTC 2025
Flare Network,Thu Apr 03 14:13:15 UTC 2025
Ripple,Thu Apr 03 14:13:10 UTC 2025
Xaman,Thu Apr 03 14:13:08 UTC 2025
Resmed,Wed Apr 02 15:47:03 UTC 2025
Somnoware Healthcare Systems,Wed Apr 02 15:46:35 UTC 2025
Care Logistics,Wed Apr 02 15:30:26 UTC 2025
Fox Factory,Wed Apr 02 15:24:53 UTC 2025
Headway,Wed Apr 02 15:20:40 UTC 2025
Lumeris,Wed Apr 02 15:20:36 UTC 2025
Solana Foundation,Tue Apr 01 13:39:08 UTC 2025
Orca,Tue Apr 01 13:39:03 UTC 2025
Onego Bio,Mon Mar 31 15:55:26 UTC 2025
SOPO US,Mon Mar 31 11:25:51 UTC 2025
Colorado Rural Health Center,Sun Mar 30 03:09:03 UTC 2025
FinThrive,Sun Mar 30 03:08:41 UTC 2025
Halcyon,Sun Mar 30 02:36:11 UTC 2025
Wiz,Sun Mar 30 02:36:08 UTC 2025
Huntress,Sun Mar 30 02:36:07 UTC 2025
Deepwatch,Sun Mar 30 02:36:03 UTC 2025
phData,Sat Mar 29 18:27:28 UTC 2025
GeneDx,Sat Mar 29 16:26:57 UTC 2025
Baylor Genetics,Sat Mar 29 16:26:54 UTC 2025
Synapticure,Sat Mar 29 16:26:14 UTC 2025
Jackson Hogg,Sat Mar 29 16:25:31 UTC 2025
CodeDrifters,Sat Mar 29 16:10:51 UTC 2025
Kimberly-Clark,Fri Mar 28 19:55:18 UTC 2025
Aequilibrium,Fri Mar 28 19:48:35 UTC 2025
Healthworx Studio,Fri Mar 28 18:39:11 UTC 2025
Cardano Spot,Fri Mar 28 18:35:33 UTC 2025
National Park Service,Thu Mar 27 19:35:06 UTC 2025
Framework,Thu Mar 27 19:35:02 UTC 2025
Fulton County Government,Thu Mar 27 16:19:56 UTC 2025
City of Atlanta,Thu Mar 27 16:19:46 UTC 2025
Gwinnett County Government,Thu Mar 27 16:19:29 UTC 2025
Gwinnett County Public Library,Thu Mar 27 16:19:27 UTC 2025
Remodel Health,Wed Mar 26 19:07:32 UTC 2025
a16z Bio + Health,Wed Mar 26 19:07:30 UTC 2025
Ambetter Health,Wed Mar 26 19:07:24 UTC 2025
Thatch,Wed Mar 26 19:07:22 UTC 2025
Predactica‚Ñ¢,Wed Mar 26 18:33:30 UTC 2025
United Network for Organ Sharing (UNOS),Tue Mar 25 21:56:08 UTC 2025
Natera Organ Health,Tue Mar 25 21:56:05 UTC 2025
"Veracyte, Inc.",Tue Mar 25 21:56:01 UTC 2025
"XDx is now CareDx, Inc.",Tue Mar 25 21:55:58 UTC 2025
"CareDx, Inc.",Tue Mar 25 21:55:53 UTC 2025
BeOne Medicines,Tue Mar 25 21:55:30 UTC 2025
Amgen Oncology,Tue Mar 25 21:55:28 UTC 2025
BioKnow,Tue Mar 25 21:55:27 UTC 2025
BeiGene,Tue Mar 25 21:55:20 UTC 2025
Acadia Pharmaceuticals Inc.,Tue Mar 25 21:07:10 UTC 2025
Biohaven,Tue Mar 25 21:07:00 UTC 2025
Optimism Unlimited,Tue Mar 25 19:38:44 UTC 2025
Optimism Foundation,Tue Mar 25 19:38:36 UTC 2025
Pascal Biosciences Inc. ,Fri Mar 21 17:57:12 UTC 2025
Morehouse Tech Collective,Fri Mar 21 14:00:37 UTC 2025
"Plus Therapeutics, Inc.",Thu Mar 20 23:31:01 UTC 2025
Callio Therapeutics,Thu Mar 20 23:31:00 UTC 2025
"Chimerix, a Jazz Pharmaceuticals Company",Thu Mar 20 23:30:59 UTC 2025
Cat Industrial Power Systems,Thu Mar 20 22:10:38 UTC 2025
Caterpillar Inc.,Thu Mar 20 22:10:38 UTC 2025
Volvo Trucks North America,Thu Mar 20 22:10:29 UTC 2025
Cummins Inc.,Thu Mar 20 22:10:20 UTC 2025
Prologis,Thu Mar 20 22:03:03 UTC 2025
Syre,Wed Mar 19 20:18:47 UTC 2025
InQuest.net,Tue Mar 18 13:43:45 UTC 2025
OPSWAT Academy,Sun Mar 16 23:31:26 UTC 2025
OPSWAT,Sun Mar 16 23:31:17 UTC 2025
Pathward,Thu Mar 13 17:05:58 UTC 2025
NeoGenomics Laboratories,Thu Mar 13 16:41:14 UTC 2025
Johnson County Mental Health Center,Thu Mar 13 13:54:28 UTC 2025
Treenia‚Ñ¢,Wed Mar 12 16:18:20 UTC 2025
Women in Tech¬Æ Luxembourg,Wed Mar 12 15:38:06 UTC 2025
Filedgr ü¶â,Wed Mar 12 15:38:01 UTC 2025
Cornucopia AI - The AI Marketplace for Small Businesses,Tue Mar 11 14:50:06 UTC 2025
CounterShadow,Tue Mar 11 13:50:49 UTC 2025
Prime Intellect,Mon Mar 10 19:17:49 UTC 2025
Sophron Networks LLC,Fri Mar 07 20:47:44 UTC 2025
Modicus Prime,Fri Mar 07 20:27:55 UTC 2025
Delve Bio,Fri Mar 07 20:26:54 UTC 2025
Cloudinary,Fri Mar 07 20:16:20 UTC 2025
Axle,Fri Mar 07 20:01:18 UTC 2025
FlyteHealth,Fri Mar 07 19:53:37 UTC 2025
Atlanticus,Thu Mar 06 19:45:50 UTC 2025
Securiti,Thu Mar 06 19:34:06 UTC 2025
Touchlight,Tue Mar 04 21:11:14 UTC 2025
Universal Diagnostics S.A.,Tue Mar 04 20:59:42 UTC 2025
Panda Intelligence,Tue Mar 04 20:55:24 UTC 2025
HealthCare Recruiters International,Tue Mar 04 20:54:04 UTC 2025
Skills Alliance,Tue Mar 04 20:53:32 UTC 2025
Sirona Medical,Tue Mar 04 20:51:11 UTC 2025
Obsidian Security,Tue Mar 04 20:49:42 UTC 2025
Anyscale,Tue Mar 04 20:29:10 UTC 2025
Anomalo,Tue Mar 04 20:28:37 UTC 2025
Domino Data Lab,Tue Mar 04 20:27:15 UTC 2025
Chainguard,Tue Mar 04 20:09:00 UTC 2025
Nordic Global,Tue Mar 04 03:45:55 UTC 2025
Performive,Tue Mar 04 02:33:26 UTC 2025
H5 Data Centers,Tue Mar 04 02:22:02 UTC 2025
LexisNexis Risk Solutions,Tue Mar 04 02:17:59 UTC 2025
DC BLOX,Tue Mar 04 02:17:20 UTC 2025
Modular Earth,Mon Mar 03 15:47:44 UTC 2025
Reya.ai,Thu Feb 27 23:12:44 UTC 2025
LBee Health,Thu Feb 27 05:23:54 UTC 2025
Backbase,Sun Feb 23 05:22:36 UTC 2025
Milliman IntelliScript,Fri Feb 21 13:50:39 UTC 2025
Kennesaw State University,Fri Feb 21 01:36:16 UTC 2025
Rheem Manufacturing,Fri Feb 21 01:31:31 UTC 2025
Cortland,Fri Feb 21 01:25:54 UTC 2025
Trinity Health,Fri Feb 21 01:24:02 UTC 2025
The Carter Center,Fri Feb 21 01:24:02 UTC 2025
Mercy Care ,Fri Feb 21 01:23:56 UTC 2025
HNTB,Fri Feb 21 01:08:34 UTC 2025
PRGX Global Inc.,Fri Feb 21 01:04:52 UTC 2025
Reya Health Inc,Thu Feb 20 22:15:13 UTC 2025
Nous Research,Thu Feb 20 22:15:09 UTC 2025
ElevenLabs,Thu Feb 20 22:14:25 UTC 2025
BRIA AI,Thu Feb 20 22:14:21 UTC 2025
Unsloth AI,Thu Feb 20 22:13:45 UTC 2025
Prove AI,Thu Feb 13 16:09:19 UTC 2025
Hammerspace,Thu Feb 13 16:07:03 UTC 2025
BlueVoyant,Thu Feb 13 16:06:44 UTC 2025
Established Search,Thu Feb 13 16:03:21 UTC 2025
BullFrog AI,Thu Feb 13 16:02:56 UTC 2025
FOUND,Wed Feb 12 21:47:34 UTC 2025
Leadership Right,Mon Feb 10 19:09:14 UTC 2025
"Summit Therapeutics, Inc.",Sat Feb 08 02:24:12 UTC 2025
Seattle Data Guy,Sun Dec 29 23:19:05 UTC 2024
Microsoft Fabric,Sun Dec 29 23:19:00 UTC 2024
Apache Airflow,Sun Dec 29 23:18:57 UTC 2024
Weaviate,Sun Dec 29 23:18:53 UTC 2024
NVIDIA University Recruiting,Sun Dec 29 23:18:46 UTC 2024
DuckDB,Sun Dec 29 23:18:41 UTC 2024
Polars,Sun Dec 29 23:18:13 UTC 2024
Qdrant,Sun Dec 29 23:18:08 UTC 2024
Gradio,Sun Dec 29 23:18:00 UTC 2024
Streamlit,Sun Dec 29 23:17:55 UTC 2024
G-Research,Tue Dec 24 14:48:33 UTC 2024
Deci AI (Acquired by NVIDIA),Thu Dec 19 23:06:28 UTC 2024
Neural Magic (Acquired by Red Hat),Thu Dec 19 23:06:24 UTC 2024
Micro Center,Thu Dec 19 15:32:04 UTC 2024
Cockroach Labs,Thu Dec 19 01:53:50 UTC 2024
Sentry,Thu Dec 19 01:53:25 UTC 2024
Google Research,Thu Dec 19 01:40:07 UTC 2024
Y Combinator,Thu Dec 19 01:40:05 UTC 2024
Brookfield,Thu Dec 19 01:06:44 UTC 2024
Northeast Georgia Health System,Thu Dec 12 01:53:57 UTC 2024
Orchid,Thu Dec 12 01:41:44 UTC 2024
Orchid ,Thu Dec 12 01:41:41 UTC 2024
Orchid Orthopedic Solutions,Thu Dec 12 01:41:39 UTC 2024
Orchid,Thu Dec 12 01:41:14 UTC 2024
Intuitive,Wed Dec 11 02:56:06 UTC 2024
FastAPI,Tue Dec 10 19:21:20 UTC 2024
n8n,Tue Dec 10 19:21:09 UTC 2024
CrewAI,Tue Dec 10 14:11:53 UTC 2024
Chateau Elan Winery & Resort,Mon Dec 09 19:37:32 UTC 2024
Lanier Islands Resort,Mon Dec 09 19:37:19 UTC 2024
Lake Lanier Association,Mon Dec 09 19:36:54 UTC 2024
ElringKlinger,Mon Dec 09 19:35:58 UTC 2024
Lund International,Mon Dec 09 19:35:37 UTC 2024
Theragenics Corporation,Mon Dec 09 19:31:02 UTC 2024
VirtualBrain,Thu Dec 05 17:16:16 UTC 2024
KenkoTech Futures,Wed Dec 04 20:43:37 UTC 2024
iMethods,Wed Dec 04 20:42:02 UTC 2024
Tier4 Group,Wed Dec 04 15:59:21 UTC 2024
CytoCync,Wed Dec 04 15:40:10 UTC 2024
Technical College System of Georgia,Wed Dec 04 04:11:35 UTC 2024
People In AI,Tue Dec 03 04:27:43 UTC 2024
R&D Partners,Tue Dec 03 04:23:13 UTC 2024
Embedded LLM,Tue Dec 03 03:42:59 UTC 2024
ZenML,Tue Dec 03 03:30:39 UTC 2024
LG Electronics North America,Tue Dec 03 03:06:37 UTC 2024
StimLabs,Tue Dec 03 03:04:12 UTC 2024
Synchrony,Tue Dec 03 03:01:17 UTC 2024
M√∂lnlycke Health Care,Tue Dec 03 02:59:54 UTC 2024
HP,Fri Nov 29 01:12:44 UTC 2024
Dell Technologies,Fri Nov 29 01:12:42 UTC 2024
Black Forest Labs,Wed Nov 27 21:17:26 UTC 2024
Seer,Mon Nov 25 21:38:52 UTC 2024
MedeAnalytics,Mon Nov 25 21:36:57 UTC 2024
HCLSoftware,Mon Nov 25 21:31:52 UTC 2024
Medix‚Ñ¢,Mon Nov 25 15:54:34 UTC 2024
Medix Technology,Mon Nov 25 15:54:12 UTC 2024
Honor,Thu Nov 21 16:29:56 UTC 2024
"Eccalon, LLC",Thu Nov 21 16:24:36 UTC 2024
Randstad USA,Wed Nov 20 22:34:02 UTC 2024
IHG Hotels & Resorts,Tue Nov 19 03:51:43 UTC 2024
Gwinnett County Public Library Foundation,Mon Nov 18 03:07:01 UTC 2024
Gwinnett County District Attorney's Office,Mon Nov 18 03:06:53 UTC 2024
Aivira AI,Mon Oct 07 16:42:01 UTC 2024
Georgia Chief Science Officers,Mon Oct 07 14:15:43 UTC 2024
Atlanta Science Festival,Mon Oct 07 14:15:38 UTC 2024
Science ATL,Mon Oct 07 14:15:23 UTC 2024
Science Careers,Mon Oct 07 14:15:15 UTC 2024
Science History Institute,Mon Oct 07 14:15:02 UTC 2024
Fogarty Innovation,Wed Oct 02 16:29:45 UTC 2024
Legend Biotech,Mon Sep 30 19:41:20 UTC 2024
Office of Management and Budget,Mon Sep 30 16:06:29 UTC 2024
SC Department of Health and Human Services,Mon Sep 30 15:27:12 UTC 2024
Kennesaw State University‚ÄîWellstar College of Health and Human Services,Mon Sep 30 15:27:08 UTC 2024
California Health & Human Services Agency,Mon Sep 30 15:26:54 UTC 2024
"Health Resources and Services Administration (HRSAgov), HHS",Mon Sep 30 15:26:52 UTC 2024
Texas Health and Human Services,Mon Sep 30 15:26:46 UTC 2024
NC Department of Health and Human Services,Mon Sep 30 15:26:44 UTC 2024
Cerebrum DAO,Mon Sep 30 13:27:03 UTC 2024
Gwinnett County Public Schools,Mon Sep 30 02:39:43 UTC 2024
Georgia United Credit Union,Mon Sep 30 01:56:32 UTC 2024
Georgia Federal Credit Union,Mon Sep 30 01:56:24 UTC 2024
First Commerce Credit Union,Mon Sep 30 01:56:06 UTC 2024
Associated Credit Union,Mon Sep 30 01:32:09 UTC 2024
Georgia's Own Credit Union,Mon Sep 30 01:32:08 UTC 2024
Peach State Federal Credit Union,Mon Sep 30 01:30:43 UTC 2024
Delta Community Credit Union,Mon Sep 30 01:25:10 UTC 2024
Cold Canyon,Wed Sep 25 16:55:57 UTC 2024
Machina Labs,Tue Sep 17 01:49:34 UTC 2024
U.S. Department of Energy Office of Science,Fri Sep 13 17:13:58 UTC 2024
Terumo Neuro,Thu Sep 12 21:11:38 UTC 2024
Intermountain Health,Wed Sep 11 14:39:30 UTC 2024
Meta Care AI,Wed Sep 11 14:38:24 UTC 2024
Mozilla.ai,Wed Sep 11 14:33:51 UTC 2024
Lucid Software,Tue Sep 10 12:52:42 UTC 2024
SAIC,Fri Sep 06 14:07:19 UTC 2024
U.S. Department of Homeland Security,Thu Sep 05 14:00:42 UTC 2024
Lilly Oncology,Tue Sep 03 22:10:07 UTC 2024
Lilly Oncology International,Tue Sep 03 19:10:06 UTC 2024
QuEra Computing Inc.,Wed Aug 28 01:36:33 UTC 2024
Atom Computing,Wed Aug 28 01:36:32 UTC 2024
D-Wave,Wed Aug 28 01:36:29 UTC 2024
IQM Quantum Computers,Wed Aug 28 01:36:27 UTC 2024
Rigetti Computing,Wed Aug 28 01:36:25 UTC 2024
Quantinuum,Wed Aug 28 01:36:23 UTC 2024
Xanadu,Wed Aug 28 01:36:22 UTC 2024
IonQ,Wed Aug 28 01:36:15 UTC 2024
Josselyn,Wed Aug 28 01:13:00 UTC 2024
Vaxxinity,Wed Aug 28 01:12:50 UTC 2024
"AffirmedRx, a Public Benefit Corporation",Mon Aug 26 15:37:53 UTC 2024
TechBio Transformers,Mon Aug 26 15:37:41 UTC 2024
Morpheus,Sun Aug 18 17:51:38 UTC 2024
"VolunteerMatch, Powered by Idealist",Tue Aug 13 23:39:07 UTC 2024
inZpire AI,Tue Aug 13 23:38:30 UTC 2024
CareerVillage.org,Tue Aug 13 23:36:22 UTC 2024
Cost Plus Drugs Marketplace (For Business),Tue Aug 13 23:30:29 UTC 2024
Truepill,Tue Aug 13 23:30:29 UTC 2024
GoodRx,Tue Aug 13 23:30:24 UTC 2024
Mark Cuban Companies,Tue Aug 13 23:30:20 UTC 2024
NeurIPS,Mon Aug 12 19:43:29 UTC 2024
Outro Health,Mon Aug 12 19:43:24 UTC 2024
Therapy Trust Collective,Mon Aug 12 19:42:36 UTC 2024
Extend,Mon Aug 05 18:02:55 UTC 2024
Intellibus,Tue Jul 30 21:55:06 UTC 2024
Applied Carbon,Mon Jul 29 19:11:17 UTC 2024
Employee-Owned S Corporations of America (ESCA),Fri Jul 26 14:31:07 UTC 2024
Arcee AI,Fri Jul 19 19:11:55 UTC 2024
Kyutai,Wed Jul 03 20:49:56 UTC 2024
VSP Vision Care,Wed Jul 03 20:47:25 UTC 2024
Dust,Mon Jul 01 13:03:57 UTC 2024
Sensi.AI,Mon Jul 01 13:00:45 UTC 2024
Emergence AI,Mon Jul 01 13:00:24 UTC 2024
Etched,Mon Jul 01 12:58:44 UTC 2024
EvolutionaryScale,Mon Jul 01 12:57:58 UTC 2024
Formation Bio,Mon Jul 01 12:55:23 UTC 2024
PeriGen,Tue Jun 25 20:57:39 UTC 2024
Mental Health Center of Greater Manchester,Tue Jun 25 20:57:37 UTC 2024
Huntsman Mental Health Institute at the University of Utah,Tue Jun 25 20:57:35 UTC 2024
Togather,Tue Jun 25 20:57:33 UTC 2024
Superpower,Tue Jun 25 20:56:28 UTC 2024
Nema Health,Tue Jun 25 20:56:20 UTC 2024
MLCommons,Tue Jun 25 16:32:59 UTC 2024
Emory University,Wed Jun 19 21:18:49 UTC 2024
Kaycha Group,Tue Jun 18 16:10:42 UTC 2024
Revelex Corporation,Tue Jun 18 15:59:37 UTC 2024
Argilla,Tue Jun 18 15:58:31 UTC 2024
Guardrails AI,Fri Jun 14 03:45:46 UTC 2024
Cartesia,Fri Jun 14 03:45:39 UTC 2024
Allogene Therapeutics,Fri Jun 14 03:40:33 UTC 2024
Denali Therapeutics,Fri Jun 14 03:40:29 UTC 2024
"Pluristyx, Inc.",Fri Jun 14 03:40:22 UTC 2024
Immatics,Fri Jun 14 03:40:15 UTC 2024
Ovid Therapeutics,Fri Jun 14 03:40:06 UTC 2024
Lonza,Fri Jun 14 03:40:02 UTC 2024
"Iovance Biotherapeutics, Inc.",Fri Jun 14 03:39:55 UTC 2024
Atsena Therapeutics,Fri Jun 14 03:39:54 UTC 2024
Star Therapeutics,Fri Jun 14 03:39:52 UTC 2024
"Kiromic Biopharma, Inc.",Fri Jun 14 03:39:51 UTC 2024
Taysha Gene Therapies,Fri Jun 14 03:38:19 UTC 2024
CoreWeave,Fri Jun 14 03:35:37 UTC 2024
Wayve,Fri Jun 14 03:35:29 UTC 2024
Lambda,Fri Jun 14 03:35:28 UTC 2024
Faro Health,Wed Jun 12 20:59:16 UTC 2024
BeeKeeperAI,Wed Jun 12 00:45:37 UTC 2024
VillageFor,Tue Jun 11 16:11:55 UTC 2024
Curate Partners,Wed Jun 05 16:06:32 UTC 2024
MindPal,Mon Jun 03 01:05:42 UTC 2024
CorroHealth,Sun Jun 02 17:55:49 UTC 2024
Modivcare,Sun Jun 02 17:52:21 UTC 2024
Claypot AI (@Voltron Data),Sun Jun 02 17:36:42 UTC 2024
Couchbase,Sun Jun 02 17:33:52 UTC 2024
Langflow,Sun Jun 02 17:33:06 UTC 2024
Dremio,Sun Jun 02 17:32:30 UTC 2024
DataStax,Sun Jun 02 17:28:52 UTC 2024
ON Data Staffing,Sun Jun 02 17:28:12 UTC 2024
State Street,Sun Jun 02 17:25:25 UTC 2024
FUJIFILM Healthcare Americas Corporation,Sun Jun 02 17:23:45 UTC 2024
Collective Insights,Sun Jun 02 17:17:18 UTC 2024
AHEAD,Sun Jun 02 17:15:42 UTC 2024
Oliver Wyman,Sun Jun 02 17:09:49 UTC 2024
Kearney,Sun Jun 02 17:09:38 UTC 2024
UCB,Sun Jun 02 16:44:04 UTC 2024
BOXX Technologies,Sun Jun 02 16:40:32 UTC 2024
Exxact Corporation,Sun Jun 02 16:40:04 UTC 2024
The Responsible AI Resource Collective,Sun Jun 02 14:46:09 UTC 2024
Waystar,Sun Jun 02 14:40:24 UTC 2024
Saama,Sat Jun 01 15:32:13 UTC 2024
EY,Sat Jun 01 14:16:48 UTC 2024
Deloitte,Sat Jun 01 14:16:45 UTC 2024
Liviniti,Sat Jun 01 14:11:59 UTC 2024
WTW,Sat Jun 01 13:55:52 UTC 2024
Close,Fri May 31 23:00:46 UTC 2024
Astrana Health,Fri May 31 16:51:11 UTC 2024
Ollama,Wed May 29 13:55:26 UTC 2024
Zelis,Wed May 29 12:37:52 UTC 2024
Smarsh,Wed May 29 12:26:15 UTC 2024
Open Systems Inc.,Wed May 29 11:54:55 UTC 2024
Novi Ventures (NV),Mon May 27 14:30:00 UTC 2024
AI MINDSystems Foundation,Fri May 24 00:23:32 UTC 2024
Qcells North America,Thu May 23 17:01:24 UTC 2024
Ai Layer Labs,Thu May 23 16:54:50 UTC 2024
SoftServe,Thu May 23 16:39:00 UTC 2024
TigerGraph,Thu May 23 16:28:02 UTC 2024
ClearView Healthcare Partners,Thu May 23 15:30:31 UTC 2024
Nucleate New York,Thu May 23 15:29:57 UTC 2024
Stratipath,Thu May 23 15:29:53 UTC 2024
Back Bay Life Science Advisors,Thu May 23 15:29:49 UTC 2024
Astadia,Thu May 23 15:29:15 UTC 2024
"Artisan, an Alira Health Company",Thu May 23 15:28:49 UTC 2024
"AVT, a Wipro company",Thu May 23 15:27:27 UTC 2024
Applied Value Group,Thu May 23 15:27:20 UTC 2024
Analysis Group,Thu May 23 15:26:22 UTC 2024
Altman Solon,Thu May 23 15:24:12 UTC 2024
Alira Medical Devices,Thu May 23 15:22:47 UTC 2024
Alira Health (previously CMC Consulting Group),Thu May 23 15:22:46 UTC 2024
Alira Health,Thu May 23 15:22:36 UTC 2024
Accelare,Thu May 23 15:20:47 UTC 2024
ArteraAI,Thu May 23 15:14:09 UTC 2024
Rambus,Thu May 23 06:43:29 UTC 2024
SUSE,Thu May 23 06:30:14 UTC 2024
Ampersand Leadership Group,Thu May 23 06:25:41 UTC 2024
JPMorganChase,Thu May 23 06:22:47 UTC 2024
HatchWorks AI,Thu May 23 06:09:10 UTC 2024
NCR Atleos,Thu May 23 01:21:23 UTC 2024
Mach7 Technologies,Wed May 22 22:55:52 UTC 2024
Vanguard Healthcare Staffing,Wed May 22 18:42:50 UTC 2024
Luminary Group,Wed May 22 16:50:54 UTC 2024
Project Jupyter,Wed May 22 16:44:15 UTC 2024
"Anaconda, Inc.",Wed May 22 16:44:09 UTC 2024
Young People's Alliance,Wed May 22 02:34:44 UTC 2024
Agilyti,Tue May 21 20:08:38 UTC 2024
Acer,Tue May 21 16:47:21 UTC 2024
ASUS,Tue May 21 16:47:18 UTC 2024
Qualcomm,Tue May 21 16:42:06 UTC 2024
VMware,Sat May 18 14:46:40 UTC 2024
Introba,Sat May 18 14:44:58 UTC 2024
The AI Journal,Tue May 14 19:46:12 UTC 2024
Vibrant Emotional Health,Mon May 13 02:11:24 UTC 2024
It Gets Better,Mon May 13 02:11:21 UTC 2024
American Foundation for Suicide Prevention,Mon May 13 02:11:20 UTC 2024
National Council for Mental Wellbeing,Mon May 13 02:11:16 UTC 2024
Edwards Lifesciences,Sun May 12 01:49:01 UTC 2024
"iHerb, LLC",Sun May 12 01:18:03 UTC 2024
Kate Farms,Sat May 11 23:29:25 UTC 2024
Harvard John A. Paulson School of Engineering and Applied Sciences,Thu May 09 01:14:18 UTC 2024
Frontier Psychiatry,Thu May 09 00:10:26 UTC 2024
BrainCheck,Thu May 09 00:10:20 UTC 2024
GEKA GmbH,Wed May 08 02:28:41 UTC 2024
CoverMyMeds,Wed May 08 02:25:23 UTC 2024
"Medline Industries, LP",Wed May 08 02:25:19 UTC 2024
Molina Healthcare,Wed May 08 02:25:11 UTC 2024
Cardinal Health,Wed May 08 02:25:08 UTC 2024
Ensemble Health Partners,Tue May 07 15:36:39 UTC 2024
Honeywell,Tue May 07 13:26:22 UTC 2024
Hartmann Young,Tue May 07 01:49:41 UTC 2024
Sapio Sciences,Mon May 06 02:24:33 UTC 2024
Heliosz.AI,Fri May 03 14:54:34 UTC 2024
Upstart,Fri May 03 12:46:38 UTC 2024
Liquid AI,Fri May 03 00:12:26 UTC 2024
Nitricity,Fri May 03 00:11:33 UTC 2024
Magic,Fri May 03 00:10:52 UTC 2024
Supreme Optimization,Fri May 03 00:06:07 UTC 2024
Level Ex Games,Fri May 03 00:05:58 UTC 2024
Vincer,Fri May 03 00:05:35 UTC 2024
CHESS Health,Thu May 02 12:54:31 UTC 2024
The Bridge (now North Highland),Thu May 02 12:47:27 UTC 2024
Data Meaning,Thu May 02 12:37:42 UTC 2024
Lovelytics,Thu May 02 12:37:33 UTC 2024
smartR AI,Tue Apr 30 03:14:01 UTC 2024
Cognition,Tue Apr 30 03:00:27 UTC 2024
"Fud, Inc.",Sun Apr 28 18:47:08 UTC 2024
Input Output (IOHK),Sat Apr 27 18:18:43 UTC 2024
myGwork - LGBTQ+ Business Community,Sat Apr 27 18:12:18 UTC 2024
ATC,Sat Apr 27 18:11:01 UTC 2024
GSquared Group,Sat Apr 27 18:04:59 UTC 2024
Beazley Security,Sat Apr 27 18:02:44 UTC 2024
Unreal Staffing,Sat Apr 27 17:37:15 UTC 2024
Blackford,Sat Apr 27 17:31:47 UTC 2024
Rad AI,Sat Apr 27 17:31:36 UTC 2024
Storm3,Sat Apr 27 17:29:25 UTC 2024
Square One Resources,Sat Apr 27 17:04:36 UTC 2024
UKG,Sat Apr 27 15:22:13 UTC 2024
asobbi,Sat Apr 27 15:21:35 UTC 2024
Maxximal,Sat Apr 27 02:14:47 UTC 2024
HCLTech,Sat Apr 27 01:37:45 UTC 2024
VeracityBio,Fri Apr 26 17:28:25 UTC 2024
Sumo Logic,Fri Apr 26 02:58:22 UTC 2024
Color,Fri Apr 26 02:50:20 UTC 2024
"Mineralys Therapeutics, Inc.",Fri Apr 26 02:28:14 UTC 2024
Quest Diagnostics,Thu Apr 25 20:26:13 UTC 2024
Henderson Scott,Thu Apr 25 18:44:29 UTC 2024
Synterex,Thu Apr 25 18:40:23 UTC 2024
Centene Corporation,Thu Apr 25 14:28:13 UTC 2024
Oracle,Thu Apr 25 13:50:50 UTC 2024
SLB,Wed Apr 24 18:39:25 UTC 2024
EPAM Systems,Wed Apr 24 18:35:02 UTC 2024
HealthEquity,Wed Apr 24 18:32:42 UTC 2024
Booz Allen Hamilton,Wed Apr 24 18:28:46 UTC 2024
Cardinal Group Companies,Wed Apr 24 18:27:32 UTC 2024
MD Anderson Cancer Center,Wed Apr 24 18:25:05 UTC 2024
Lenovo,Wed Apr 24 18:23:23 UTC 2024
LinkedIn,Wed Apr 24 18:22:21 UTC 2024
Cengage Group,Wed Apr 24 18:17:50 UTC 2024
Gartner,Wed Apr 24 18:08:00 UTC 2024
Insperity,Wed Apr 24 18:02:03 UTC 2024
Flowers Foods & Subsidiaries,Wed Apr 24 16:55:13 UTC 2024
Ebix,Wed Apr 24 16:54:24 UTC 2024
Delta Air Lines,Wed Apr 24 16:53:37 UTC 2024
Delta TechOps,Wed Apr 24 16:53:33 UTC 2024
Scientific Atlanta,Wed Apr 24 16:51:40 UTC 2024
CARE,Wed Apr 24 16:49:48 UTC 2024
Embraco,Wed Apr 24 16:47:56 UTC 2024
Encompass Health,Wed Apr 24 16:43:17 UTC 2024
PruittHealth,Wed Apr 24 16:43:22 UTC 2024
Morrison Healthcare,Wed Apr 24 16:41:35 UTC 2024
Datamatics,Wed Apr 24 16:39:11 UTC 2024
Owens & Minor,Wed Apr 24 16:34:55 UTC 2024
O&M Halyard,Wed Apr 24 15:36:01 UTC 2024
Novelis,Wed Apr 24 15:35:45 UTC 2024
Emory University Hospital,Wed Apr 24 13:17:15 UTC 2024
Grady Health System,Wed Apr 24 13:17:15 UTC 2024
Wellstar Health System,Wed Apr 24 13:17:13 UTC 2024
Children's Healthcare of Atlanta,Wed Apr 24 13:17:12 UTC 2024
Northside Hospital,Wed Apr 24 13:17:05 UTC 2024
Piedmont,Wed Apr 24 13:17:03 UTC 2024
Emory Healthcare,Wed Apr 24 13:16:58 UTC 2024
Samsara,Tue Apr 23 20:06:14 UTC 2024
Protiviti,Tue Apr 23 20:03:31 UTC 2024
Crossover ,Tue Apr 23 14:39:39 UTC 2024
"AKESOgen, Inc.",Tue Apr 23 03:58:49 UTC 2024
"Caprico Biotechnologies, Inc.",Tue Apr 23 03:57:58 UTC 2024
MiMedx,Tue Apr 23 03:56:38 UTC 2024
onsemi,Tue Apr 23 03:54:36 UTC 2024
Microchip Technology Inc.,Tue Apr 23 03:53:11 UTC 2024
Synopsys Inc,Tue Apr 23 03:42:43 UTC 2024
Ambarella Inc,Tue Apr 23 03:10:12 UTC 2024
Alereon,Tue Apr 23 03:09:44 UTC 2024
Ageia Technologies,Tue Apr 23 03:08:55 UTC 2024
PsiQuantum,Tue Apr 23 03:08:26 UTC 2024
"Advanced Linear Devices, Inc",Tue Apr 23 03:08:24 UTC 2024
TensorFlow,Tue Apr 23 03:07:58 UTC 2024
Adesto Technologies,Tue Apr 23 03:07:52 UTC 2024
NVIDIA Robotics,Tue Apr 23 03:07:24 UTC 2024
Nordic Semiconductor,Tue Apr 23 03:07:23 UTC 2024
Lattice Semiconductor,Tue Apr 23 03:07:22 UTC 2024
Achronix Semiconductor Corporation,Tue Apr 23 03:07:18 UTC 2024
LG Electronics,Tue Apr 23 03:05:26 UTC 2024
Pearl Corporation,Tue Apr 23 02:43:48 UTC 2024
Xperi Inc.,Tue Apr 23 02:42:05 UTC 2024
MIPS,Tue Apr 23 02:36:42 UTC 2024
Perplexity,Tue Apr 23 02:22:21 UTC 2024
GlobalFoundries,Tue Apr 23 02:22:16 UTC 2024
NXP acquires Freescale Semiconductor,Tue Apr 23 02:21:00 UTC 2024
Marvell Technology,Mon Apr 22 20:55:58 UTC 2024
Broadcom Software,Mon Apr 22 20:55:53 UTC 2024
NVIDIA Data Center,Mon Apr 22 20:55:50 UTC 2024
Broadcom,Mon Apr 22 20:55:47 UTC 2024
BioNTX,Mon Apr 22 18:45:13 UTC 2024
Lantern Pharma Inc. (Nasdaq: LTRN),Mon Apr 22 18:45:11 UTC 2024
"Innodata Knowledge Services, Inc.",Mon Apr 22 18:43:15 UTC 2024
Innodata Inc.,Mon Apr 22 18:43:12 UTC 2024
Inizio Medical,Mon Apr 22 18:38:01 UTC 2024
STEM,Mon Apr 22 18:37:56 UTC 2024
BigBear.ai,Mon Apr 22 18:36:32 UTC 2024
Nanox Vision,Mon Apr 22 18:35:08 UTC 2024
Nanox AI,Mon Apr 22 18:35:01 UTC 2024
SoundHound AI,Mon Apr 22 18:33:43 UTC 2024
Darktrace,Mon Apr 22 18:25:12 UTC 2024
Dynatrace,Mon Apr 22 18:23:57 UTC 2024
SentinelOne,Mon Apr 22 18:21:24 UTC 2024
Moon Surgical,Mon Apr 22 17:50:11 UTC 2024
Genesis Therapeutics,Mon Apr 22 17:49:10 UTC 2024
CHARM Therapeutics,Mon Apr 22 17:48:16 UTC 2024
Conduit Venture Labs,Mon Apr 22 15:26:26 UTC 2024
AI21 Labs,Mon Apr 22 15:24:56 UTC 2024
LlamaIndex,Fri Apr 19 19:17:27 UTC 2024
Biomedical Advanced Research and Development Authority (BARDA),Fri Apr 19 18:55:44 UTC 2024
Hume AI,Fri Apr 19 18:50:07 UTC 2024
LangChain,Thu Apr 18 05:19:21 UTC 2024
DeepRec.ai,Thu Apr 18 05:18:50 UTC 2024
Dolby Laboratories,Mon Apr 15 19:20:35 UTC 2024
Influential Walls,Fri Apr 12 16:56:54 UTC 2024
Raven Industries,Thu Apr 11 16:34:32 UTC 2024
GE Vernova's Grid Software,Thu Apr 04 18:46:26 UTC 2024
GE Vernova's Power & Energy Resources Software,Thu Apr 04 18:45:19 UTC 2024
GE Vernova's Proficy¬Æ Software & Services,Thu Apr 04 18:42:41 UTC 2024
"Sana Biotechnology, Inc.",Tue Apr 02 19:12:36 UTC 2024
PeopleReign,Tue Apr 02 19:08:03 UTC 2024
AI Growth Ops,Tue Apr 02 14:15:22 UTC 2024
Sleep.ai,Mon Mar 25 21:36:00 UTC 2024
Leadership Club,Thu Mar 14 03:13:31 UTC 2024
VIDNOVA,Thu Mar 14 00:36:21 UTC 2024
Calm,Thu Mar 14 00:36:19 UTC 2024
New England Center for OCD and Anxiety,Thu Mar 14 00:33:44 UTC 2024
Human Pilots AI,Thu Mar 14 00:33:24 UTC 2024
Equitus.ai,Fri Mar 08 17:39:56 UTC 2024
Information and Privacy Commissioner of Ontario,Fri Mar 08 17:27:51 UTC 2024
Office of the Privacy Commissioner of Canada/Commissariat √† la protection de la vie priv√©e du Canada,Fri Mar 08 17:27:50 UTC 2024
Samuel Centre for Social Connectedness,Tue Mar 05 14:40:44 UTC 2024
The Trevor Project,Tue Mar 05 14:38:09 UTC 2024
Obama Foundation,Tue Mar 05 14:37:55 UTC 2024
Urban Institute,Tue Mar 05 14:37:48 UTC 2024
The Greater Good Science Center,Tue Mar 05 14:37:43 UTC 2024
Equity In The Center,Tue Mar 05 14:37:33 UTC 2024
Parabilis Medicines,Tue Mar 05 14:37:22 UTC 2024
National Equity Project,Tue Mar 05 14:37:19 UTC 2024
The Equity Lab,Tue Mar 05 14:37:16 UTC 2024
Othering & Belonging Institute at UC Berkeley,Tue Mar 05 14:37:09 UTC 2024
AVIVA Talent Advisors,Sun Feb 18 17:28:14 UTC 2024
Staffing Technologies,Sun Feb 18 17:26:37 UTC 2024
The Academy of Neurologic Music Therapy,Sun Feb 18 15:52:52 UTC 2024
The Music Therapy Center of California,Sun Feb 18 15:52:48 UTC 2024
"American Music Therapy Association, Inc.",Sun Feb 18 15:52:47 UTC 2024
Soundwave Music Therapy,Sun Feb 18 15:52:46 UTC 2024
Certification Board for Music Therapists,Sun Feb 18 15:52:41 UTC 2024
Ascendum Solutions,Sun Feb 18 15:28:31 UTC 2024
Apex Systems,Sun Feb 18 15:16:50 UTC 2024
Innova Solutions,Sun Feb 18 15:15:12 UTC 2024
Optomi,Sun Feb 18 15:11:45 UTC 2024
Synergis,Sun Feb 18 15:01:29 UTC 2024
Motion Recruitment,Sun Feb 18 14:59:21 UTC 2024
VLink Inc,Sun Feb 18 14:44:26 UTC 2024
Cohere Labs,Tue Feb 13 22:20:01 UTC 2024
Rula,Tue Feb 06 16:37:15 UTC 2024
Infographic Finds,Sat Feb 03 15:33:42 UTC 2024
UST,Wed Jan 24 09:26:50 UTC 2024
NeueHealth,Fri Jan 19 19:24:20 UTC 2024
"Nelson Elder Care Law, LLC",Thu Jan 18 01:36:55 UTC 2024
Optum Ventures,Wed Jan 10 19:00:52 UTC 2024
Ubisoft Montr√©al,Thu Jan 04 16:05:30 UTC 2024
Veugeler Creative,Sun Dec 17 20:18:11 UTC 2023
The Bowen Center for the Study of the Family,Wed Nov 29 04:54:40 UTC 2023
11TEN Innovation Partners,Tue Nov 21 15:28:48 UTC 2023
The Human Ai Institute¬Æ,Tue Nov 21 15:28:42 UTC 2023
EAIGG: Ethical AI Governance Group,Tue Nov 21 15:28:41 UTC 2023
Institute for Science and Ethics (IWE),Tue Nov 21 15:28:40 UTC 2023
Marshall Group,Fri Nov 17 21:13:31 UTC 2023
G42,Wed Nov 15 03:02:34 UTC 2023
ORCHA,Tue Oct 31 17:24:35 UTC 2023
Multi-Health Systems Inc. (MHS),Tue Oct 31 17:24:34 UTC 2023
Ink & Switch,Sat Oct 21 01:58:14 UTC 2023
Muck Rack,Sat Oct 21 01:11:48 UTC 2023
Elation Health,Sat Oct 21 01:11:43 UTC 2023
Technology Collaboration Center,Sat Oct 21 01:11:11 UTC 2023
ProPublica,Sat Oct 21 01:10:56 UTC 2023
MuckRock Foundation,Sat Oct 21 01:10:37 UTC 2023
Center for Reproductive Rights,Thu Oct 19 02:52:14 UTC 2023
Human Rights Campaign,Thu Oct 19 02:52:13 UTC 2023
Planned Parenthood Federation of America,Thu Oct 19 02:49:49 UTC 2023
ACLU,Thu Oct 19 02:49:42 UTC 2023
Sanctuary Computer Inc,Mon Oct 16 21:48:38 UTC 2023
Qure.ai,Sun Oct 15 03:55:14 UTC 2023
neural.love,Fri Oct 06 18:37:12 UTC 2023
Early Medical ,Fri Oct 06 02:48:12 UTC 2023
Johnson & Johnson Innovative Medicine,Wed Oct 04 01:59:36 UTC 2023
Plume Clinic,Thu Sep 28 04:23:42 UTC 2023
Mantra Health,Thu Sep 28 04:23:38 UTC 2023
Talkiatry,Thu Sep 28 04:23:37 UTC 2023
Twill by Dario,Thu Sep 28 04:23:33 UTC 2023
Clinician Creative,Wed Sep 20 02:03:08 UTC 2023
PT Solutions Physical Therapy,Mon Sep 18 16:45:10 UTC 2023
The Global Disinformation Index,Mon Sep 18 00:27:11 UTC 2023
Full Fact,Mon Sep 18 00:27:09 UTC 2023
"Take This, Inc.",Mon Sep 18 00:27:06 UTC 2023
Logically,Mon Sep 18 00:27:02 UTC 2023
Beyond the Screen,Mon Sep 18 00:25:40 UTC 2023
TEDx,Sat Sep 16 17:46:42 UTC 2023
Sidecar Health,Wed Sep 13 02:02:24 UTC 2023
Anysphere,Wed Sep 13 01:29:55 UTC 2023
Association of AI Ethicists,Tue Sep 05 03:03:55 UTC 2023
Ferring Pharmaceuticals,Mon Sep 04 15:52:37 UTC 2023
Lundbeck,Mon Sep 04 15:52:34 UTC 2023
LEO Pharma,Mon Sep 04 15:52:28 UTC 2023
Jasper Therapeutics,Mon Sep 04 15:14:17 UTC 2023
Exogenus Therapeutics,Mon Sep 04 15:14:16 UTC 2023
Clade Therapeutics,Mon Sep 04 15:14:15 UTC 2023
Miltenyi Biomedicine,Mon Sep 04 15:14:13 UTC 2023
Lifeline Cell Technology,Mon Sep 04 15:14:12 UTC 2023
LizarBio Therapeutics,Mon Sep 04 15:14:10 UTC 2023
"Tocris Bioscience, a Bio-Techne brand",Mon Sep 04 15:14:09 UTC 2023
OriGene,Mon Sep 04 15:14:08 UTC 2023
Cyagen,Mon Sep 04 15:14:06 UTC 2023
"Ichor Life Sciences, Inc.",Mon Sep 04 15:14:05 UTC 2023
Holostem S.r.l.,Mon Sep 04 15:14:04 UTC 2023
SMSbiotech,Mon Sep 04 15:14:02 UTC 2023
IOCI INDIA - (International Oncology Cancer Institute),Mon Sep 04 15:14:01 UTC 2023
LifePharm,Mon Sep 04 15:13:59 UTC 2023
Minerva Biotechnologies,Mon Sep 04 15:13:58 UTC 2023
Biogenuix Medsystems Pvt Ltd,Mon Sep 04 15:13:57 UTC 2023
Roslin Technologies,Mon Sep 04 15:13:56 UTC 2023
Cambridge Enterprise,Mon Sep 04 15:13:54 UTC 2023
Elevai Skincare,Mon Sep 04 15:13:53 UTC 2023
ASC Therapeutics,Mon Sep 04 15:13:52 UTC 2023
VivaBioCell,Mon Sep 04 15:13:51 UTC 2023
Osiris Therapeutics,Mon Sep 04 15:13:49 UTC 2023
Vor Bio,Mon Sep 04 15:13:46 UTC 2023
Orca Bio,Mon Sep 04 15:13:45 UTC 2023
Aventus Health,Mon Sep 04 15:13:44 UTC 2023
Bonus Biogroup,Mon Sep 04 15:13:43 UTC 2023
T-LAB,Mon Sep 04 15:13:41 UTC 2023
Histocell. Regenerative Medicine,Mon Sep 04 15:13:40 UTC 2023
Celularity Inc.,Mon Sep 04 15:13:39 UTC 2023
"Angiocrine Bioscience, Inc.",Mon Sep 04 15:13:37 UTC 2023
KALA BIO,Mon Sep 04 15:13:35 UTC 2023
"Celldom, Inc.",Mon Sep 04 15:13:33 UTC 2023
PathCare Labs Private Limited,Mon Sep 04 15:13:32 UTC 2023
Genenta Science (Nasdaq: GNTA),Mon Sep 04 15:13:31 UTC 2023
Cordlife India,Mon Sep 04 15:13:30 UTC 2023
"HemaCare Corporation, a Charles River Company",Mon Sep 04 15:13:28 UTC 2023
Lira Clinical,Mon Sep 04 15:13:27 UTC 2023
Elabscience Bionovation Inc.,Mon Sep 04 15:13:26 UTC 2023
Mogrify,Mon Sep 04 15:13:25 UTC 2023
Oncopeptides AB (publ),Mon Sep 04 15:13:24 UTC 2023
RoslinCT,Mon Sep 04 15:13:23 UTC 2023
REGROW BIOSCIENCES,Mon Sep 04 15:13:21 UTC 2023
Stemtech,Mon Sep 04 15:13:20 UTC 2023
BioLamina,Mon Sep 04 15:13:19 UTC 2023
"Lorem Cytori USA, Inc",Mon Sep 04 15:13:18 UTC 2023
Mesoblast Limited,Mon Sep 04 15:13:17 UTC 2023
Celltex Therapeutics Corporation,Mon Sep 04 15:13:16 UTC 2023
Quiver Bioscience,Mon Sep 04 15:13:16 UTC 2023
"Pharmacyclics, an AbbVie Company",Mon Sep 04 15:13:14 UTC 2023
Ncardia,Mon Sep 04 15:13:13 UTC 2023
InGeneron,Mon Sep 04 15:13:12 UTC 2023
TreeFrog Therapeutics,Mon Sep 04 15:13:11 UTC 2023
Next Biosciences,Mon Sep 04 15:13:09 UTC 2023
Selleck Chemicals LLC,Mon Sep 04 15:13:09 UTC 2023
CELLINK,Mon Sep 04 15:13:07 UTC 2023
Menarini Silicon Biosystems,Mon Sep 04 15:13:06 UTC 2023
eBioscience,Mon Sep 04 15:13:06 UTC 2023
Aleph Farms,Mon Sep 04 15:13:04 UTC 2023
MedTourEasy,Mon Sep 04 15:13:03 UTC 2023
PlacidWay Medical Tourism,Mon Sep 04 15:12:59 UTC 2023
Orchard Therapeutics - U.S.,Mon Sep 04 15:12:57 UTC 2023
xcellbio,Mon Sep 04 15:12:55 UTC 2023
Cryo-Cell,Mon Sep 04 15:12:50 UTC 2023
ScienCell Research Laboratories,Mon Sep 04 15:12:49 UTC 2023
OncoMed Pharmaceuticals,Mon Sep 04 15:12:48 UTC 2023
iXCells Biotechnologies,Mon Sep 04 15:12:47 UTC 2023
Brainstorm Cell Therapeutics,Mon Sep 04 15:12:46 UTC 2023
Athersys,Mon Sep 04 15:12:45 UTC 2023
Lykan Bioscience - Now RoslinCT,Mon Sep 04 15:12:44 UTC 2023
ViaCyte,Mon Sep 04 15:12:43 UTC 2023
Fuel Cell Store,Mon Sep 04 15:12:43 UTC 2023
Nucleus Biologics,Mon Sep 04 15:12:41 UTC 2023
AllCells,Mon Sep 04 15:12:41 UTC 2023
RoosterBio Inc.,Mon Sep 04 15:12:39 UTC 2023
Nexcelom,Mon Sep 04 15:12:39 UTC 2023
"Takara Bio USA, Inc.",Mon Sep 04 15:12:35 UTC 2023
Magenta Therapeutics,Mon Sep 04 15:12:34 UTC 2023
Medical Tourism Corporation,Mon Sep 04 15:12:32 UTC 2023
Stem Cells Bank SA - Sistemul Medical Medlife,Mon Sep 04 15:12:31 UTC 2023
ElevateBio,Mon Sep 04 15:12:30 UTC 2023
Fate Therapeutics Inc.,Mon Sep 04 15:12:27 UTC 2023
Molecular Devices,Mon Sep 04 15:12:22 UTC 2023
BICO,Mon Sep 04 15:12:20 UTC 2023
"InVitro Cell Research, LLC",Mon Sep 04 15:12:06 UTC 2023
Stem-Health Hellas S.A.,Mon Sep 04 15:11:53 UTC 2023
Stem Cell Theranostics,Mon Sep 04 15:11:51 UTC 2023
Cell Biopeutics Resources Sdn. Bhd.,Mon Sep 04 15:11:47 UTC 2023
Stem Cell Therapy Consultation,Mon Sep 04 15:11:43 UTC 2023
Stem Cell Therapy Business Opportunity,Mon Sep 04 15:11:41 UTC 2023
"Cell BioEngines, Inc",Mon Sep 04 15:11:40 UTC 2023
Cell Care Therapeutics,Mon Sep 04 15:11:38 UTC 2023
Stem Cell Cluster,Mon Sep 04 15:11:37 UTC 2023
s,Mon Sep 04 15:11:35 UTC 2023
Cell Cure Neurosciences Ltd.,Mon Sep 04 15:11:31 UTC 2023
Findem,Mon Sep 04 13:39:28 UTC 2023
Augmedix,Thu Aug 31 02:13:33 UTC 2023
DeepScribe,Thu Aug 31 02:13:31 UTC 2023
Nabla,Thu Aug 31 02:13:29 UTC 2023
Ambience Healthcare,Thu Aug 31 02:13:27 UTC 2023
Abridge,Thu Aug 31 02:13:23 UTC 2023
Happiness Foundation,Wed Aug 30 14:06:55 UTC 2023
Lifespan Research Foundation,Wed Aug 30 14:06:53 UTC 2023
NextFem.com,Tue Aug 29 13:40:41 UTC 2023
TeamPossible,Tue Aug 29 13:40:38 UTC 2023
AVL Digital Nomads,Tue Aug 29 02:47:35 UTC 2023
SANS Institute,Tue Aug 29 01:16:23 UTC 2023
FIRST,Tue Aug 29 01:16:19 UTC 2023
Earlywork,Sat Aug 26 01:23:18 UTC 2023
Computer Vision for Medical Imaging,Fri Aug 25 14:28:02 UTC 2023
Brain Mind & Memory Institute,Fri Aug 25 14:28:00 UTC 2023
Brain Products GmbH,Fri Aug 25 14:27:57 UTC 2023
AE Studio,Fri Aug 25 14:05:01 UTC 2023
AI For Leaders,Thu Sep 14 10:29:06 UTC 2023
Merge,Sun Aug 20 23:04:55 UTC 2023
Human Adaptation Institute,Tue Aug 15 01:21:14 UTC 2023
Just Security,Sun Aug 13 03:18:57 UTC 2023
Cloudflare,Fri Aug 11 03:26:47 UTC 2023
Center for Partnership Systems,Wed Aug 09 02:21:07 UTC 2023
Transcarent,Tue Aug 08 03:13:44 UTC 2023
"Prescryptive Health, Inc.",Tue Aug 08 03:13:39 UTC 2023
"Aerotech, Inc.",Tue Aug 08 01:45:22 UTC 2023
BCG GAMMA,Tue Aug 08 00:26:18 UTC 2023
BCG Henderson Institute,Tue Aug 08 00:26:10 UTC 2023
LF AI & Data Foundation ,Tue Aug 08 00:25:18 UTC 2023
Pydantic,Mon Aug 07 21:51:15 UTC 2023
PsychoGenics,Mon Aug 07 04:35:02 UTC 2023
Paloma Health,Sun Aug 06 23:08:44 UTC 2023
Women in Technology (WIT),Sun Aug 06 23:07:27 UTC 2023
Recurve,Sun Aug 06 23:07:23 UTC 2023
RIVET Work,Sun Aug 06 23:07:19 UTC 2023
Field Materials AI,Sun Aug 06 23:07:14 UTC 2023
Suppli,Sun Aug 06 23:07:10 UTC 2023
Singularity Energy,Sun Aug 06 23:07:09 UTC 2023
Leap,Sun Aug 06 23:07:08 UTC 2023
Groundlight AI,Sun Aug 06 23:07:08 UTC 2023
WattCarbon,Sun Aug 06 23:07:04 UTC 2023
Singular Genomics,Sun Aug 06 16:16:02 UTC 2023
Oxford Nanopore Technologies,Sun Aug 06 16:15:58 UTC 2023
PacBio,Sun Aug 06 16:15:54 UTC 2023
Sunsama,Sun Aug 06 14:58:51 UTC 2023
SKDK,Sun Aug 06 13:57:30 UTC 2023
Sword and Silk Books,Sun Aug 06 13:57:29 UTC 2023
Institute for Policy Studies,Sun Aug 06 13:57:29 UTC 2023
Guerrilla Foundation,Sun Aug 06 13:57:28 UTC 2023
Fight Inequality Alliance,Sun Aug 06 13:57:26 UTC 2023
Human Act,Sun Aug 06 13:57:26 UTC 2023
Millionaires for Humanity,Sun Aug 06 13:57:22 UTC 2023
Patriotic Millionaires UK,Sun Aug 06 13:57:22 UTC 2023
Patriotic Millionaires,Sun Aug 06 13:57:19 UTC 2023
Martin Trust Center for MIT Entrepreneurship,Thu Aug 03 02:04:22 UTC 2023
Sign In Scheduling (acquired by Sign In App),Tue Aug 01 01:33:28 UTC 2023
Mentornity,Tue Aug 01 01:27:05 UTC 2023
NASA - National Aeronautics and Space Administration,Tue Aug 01 01:09:47 UTC 2023
Maven AGI,Tue Aug 01 01:09:05 UTC 2023
International Coaching Federation,Mon Jul 31 17:08:50 UTC 2023
Bain & Company Nordics,Mon Jul 31 02:34:48 UTC 2023
ASML,Mon Jul 31 01:51:24 UTC 2023
Vial,Mon Jul 31 01:30:03 UTC 2023
Center for Democracy & Technology,Sun Jul 30 19:42:05 UTC 2023
Kairoi,Sun Jul 30 19:35:24 UTC 2023
We and AI,Sun Jul 30 19:35:10 UTC 2023
Globalpharma LLC,Thu Jul 27 04:56:12 UTC 2023
SAJA Pharmaceuticals,Thu Jul 27 04:56:11 UTC 2023
Pharmalink Drug Store,Thu Jul 27 04:56:10 UTC 2023
ADCANPharma,Thu Jul 27 04:56:10 UTC 2023
Jamjoom Pharma,Thu Jul 27 04:56:08 UTC 2023
GULF DRUG LLC,Thu Jul 27 04:56:07 UTC 2023
MS PHARMA,Thu Jul 27 04:56:07 UTC 2023
AVALON Pharma,Thu Jul 27 04:56:05 UTC 2023
Vieco Pharmaceuticals,Thu Jul 27 04:56:04 UTC 2023
Pharmatrade,Thu Jul 27 04:56:02 UTC 2023
LIFEPharma,Thu Jul 27 04:56:01 UTC 2023
SPIMACO,Thu Jul 27 04:55:54 UTC 2023
Neopharma,Thu Jul 27 04:55:53 UTC 2023
Hikma Pharmaceuticals,Thu Jul 27 04:55:52 UTC 2023
Modern Pharmaceutical LLC,Thu Jul 27 04:55:51 UTC 2023
Julphar,Thu Jul 27 04:55:48 UTC 2023
Genpharm,Thu Jul 27 04:55:42 UTC 2023
Tabuk Pharmaceuticals Manufacturing Company,Thu Jul 27 04:55:36 UTC 2023
Pharmax Pharmaceuticals FZ LLC,Thu Jul 27 04:55:31 UTC 2023
NewBridge Pharmaceuticals,Thu Jul 27 04:55:28 UTC 2023
Fireblocks,Tue Jul 25 18:45:48 UTC 2023
Elliptic,Tue Jul 25 18:45:45 UTC 2023
TRM Labs,Tue Jul 25 18:45:44 UTC 2023
Chainalysis,Tue Jul 25 18:45:42 UTC 2023
WorkJam,Tue Jul 25 18:45:14 UTC 2023
Hey Jane,Tue Jul 25 18:44:29 UTC 2023
Honeybee Health,Tue Jul 25 18:44:22 UTC 2023
Graphika,Tue Jul 25 18:43:55 UTC 2023
Kaleido Biosciences,Tue Jul 25 18:42:56 UTC 2023
Finch Therapeutics,Tue Jul 25 18:42:53 UTC 2023
Seres Therapeutics,Tue Jul 25 18:42:51 UTC 2023
Applied Materials India,Tue Jul 25 18:41:16 UTC 2023
Micron Technology,Tue Jul 25 18:41:15 UTC 2023
TSMC,Tue Jul 25 18:41:12 UTC 2023
KLA,Tue Jul 25 18:41:10 UTC 2023
Lam Research,Tue Jul 25 18:41:05 UTC 2023
Applied Materials,Tue Jul 25 18:41:04 UTC 2023
Dropbox,Tue Jul 25 18:40:28 UTC 2023
BrainPOP,Tue Jul 25 18:40:22 UTC 2023
"Generation Genius, Inc. ",Tue Jul 25 18:40:17 UTC 2023
Metaphysic.ai,Tue Jul 25 18:38:02 UTC 2023
AeroFarms,Tue Jul 25 18:35:30 UTC 2023
Plenty¬Æ,Tue Jul 25 18:35:28 UTC 2023
4 Day Week Global,Tue Jul 25 18:34:18 UTC 2023
Working Nomads,Tue Jul 25 18:34:26 UTC 2023
4 Day Week,Tue Jul 25 18:34:14 UTC 2023
Chess.com,Tue Jul 25 18:33:28 UTC 2023
"Reddit, Inc.",Tue Jul 25 18:33:15 UTC 2023
REI,Tue Jul 25 18:31:12 UTC 2023
Patagonia,Tue Jul 25 18:31:09 UTC 2023
Circle,Tue Jul 25 18:27:45 UTC 2023
Varkey Foundation,Tue Jul 25 14:55:07 UTC 2023
Sounds True,Tue Jul 25 14:50:30 UTC 2023
The AES Corporation,Tue Jul 25 14:46:04 UTC 2023
BuurtzorgT,Tue Jul 25 14:45:36 UTC 2023
Heiligenfeld GmbH,Tue Jul 25 14:45:12 UTC 2023
Open Source Collective,Sun Jul 23 19:24:21 UTC 2023
Open Collective Foundation,Sun Jul 23 19:24:19 UTC 2023
Open Collective,Sun Jul 23 19:24:15 UTC 2023
Matter,Sun Jul 23 18:52:41 UTC 2023
FormFree¬Æ,Sun Jul 23 01:59:12 UTC 2023
ImmuneID,Fri Jul 21 01:53:44 UTC 2023
Neoleukin Therapeutics,Fri Jul 21 01:52:13 UTC 2023
Neuron23,Fri Jul 21 01:50:57 UTC 2023
Prevail Therapeutics,Fri Jun 14 03:39:40 UTC 2024
Neurogene Inc.,Fri Jul 21 01:50:50 UTC 2023
ProGlobal Business Advisors,Thu Jul 20 16:07:11 UTC 2023
Unitree Robotics,Thu Jul 20 01:47:40 UTC 2023
Covestro,Thu Jul 20 01:40:32 UTC 2023
Fervo Energy,Thu Jul 20 01:33:32 UTC 2023
Raven Europe,Mon Jul 17 12:14:46 UTC 2023
Intelligencia AI,Mon Jul 17 12:14:45 UTC 2023
Causaly,Mon Jul 17 12:14:40 UTC 2023
Vaultree,Mon Jul 17 12:13:41 UTC 2023
Vendict,Mon Jul 17 12:12:54 UTC 2023
Guardant Health AMEA,Mon Jul 17 03:05:36 UTC 2023
Guardant Health Japan,Mon Jul 17 03:05:34 UTC 2023
Ambry Genetics,Mon Jul 17 02:56:22 UTC 2023
Guardant Health,Mon Jul 17 02:56:21 UTC 2023
Myriad Genetics,Mon Jul 17 02:56:19 UTC 2023
Natera,Mon Jul 17 02:56:11 UTC 2023
"Mark Cuban Cost Plus Drug Company, PBC",Sun Jul 16 20:54:43 UTC 2023
Meilisearch,Sun Jul 16 01:58:03 UTC 2023
NLnet Labs,Sun Jul 16 01:48:48 UTC 2023
Okta,Sat Jul 15 17:14:05 UTC 2023
Auth0,Sat Jul 15 17:13:37 UTC 2023
Oklo Inc,Thu Jul 13 02:32:42 UTC 2023
Huckleberry Labs,Wed Jul 12 16:14:17 UTC 2023
Icahn School of Medicine at Mount Sinai,Tue Jul 11 15:32:53 UTC 2023
Persmed,Tue Jul 11 15:25:07 UTC 2023
Genefron Ltd.,Tue Jul 11 15:25:02 UTC 2023
GENLAB Solutions International Ltd,Tue Jul 11 15:24:59 UTC 2023
Informuta,Tue Jul 11 15:24:56 UTC 2023
CITRINE Solutions LTD.,Tue Jul 11 15:24:43 UTC 2023
HaystackAnalytics,Tue Jul 11 15:24:30 UTC 2023
SkylineDx BV,Tue Jul 11 15:24:20 UTC 2023
Persida Inc. ,Tue Jul 11 15:24:06 UTC 2023
Future Perfect (Healthcare),Tue Jul 11 15:23:55 UTC 2023
"Pinnacle Software, LLC",Tue Jul 11 15:23:53 UTC 2023
Radpoint Sp. z o.o.,Tue Jul 11 15:23:45 UTC 2023
Arctic Therapeutics,Tue Jul 11 15:23:42 UTC 2023
Mastermind¬Æ Genomic Intelligence Platform,Tue Jul 11 15:23:29 UTC 2023
Amaranth Medical Analytics,Tue Jul 11 15:23:23 UTC 2023
Breakthrough Genomics,Tue Jul 11 15:23:14 UTC 2023
Decode Health,Tue Jul 11 15:23:12 UTC 2023
3billion,Tue Jul 11 15:23:07 UTC 2023
Speaking of Science,Tue Jul 11 15:22:57 UTC 2023
Mount Sinai Institute for Genomic Health,Tue Jul 11 15:22:48 UTC 2023
OhMyGene,Tue Jul 11 15:22:42 UTC 2023
FDNA,Tue Jul 11 15:22:36 UTC 2023
"Flagship Biosciences, Inc.",Tue Jul 11 15:22:29 UTC 2023
BenchSci,Tue Jul 11 02:43:06 UTC 2023
Genomes.io,Mon Jul 10 03:16:33 UTC 2023
Factr,Mon Jul 10 02:50:25 UTC 2023
Future Proof Collective,Mon Jul 10 02:28:36 UTC 2023
Hylo,Mon Jul 10 02:21:24 UTC 2023
Socialroots,Mon Jul 10 02:21:07 UTC 2023
Supabase,Sat Jul 08 20:26:15 UTC 2023
2ndQuadrant,Sat Jul 08 17:16:41 UTC 2023
CYBERTEC PostgreSQL Services and Support,Sat Jul 08 17:14:58 UTC 2023
RevOps Co-op,Sat Jul 08 02:34:51 UTC 2023
Biossance,Fri Jul 07 01:52:42 UTC 2023
Numbers Station AI,Thu Jul 06 17:39:09 UTC 2023
Neuromod,Thu Jul 06 01:05:45 UTC 2023
Umoja Biopharma,Mon Jul 03 02:45:38 UTC 2023
Modern Data Stack,Mon Jul 03 02:04:13 UTC 2023
Retool,Mon Jul 03 01:56:10 UTC 2023
Twilio Segment,Mon Jul 03 01:56:02 UTC 2023
Astronomer,Mon Jul 03 01:56:00 UTC 2023
Apollo.io,Mon Jul 03 01:55:56 UTC 2023
Prefect,Mon Jul 03 01:55:41 UTC 2023
Census - a Fivetran company,Mon Jul 03 01:55:33 UTC 2023
Metabase,Mon Jul 03 01:52:10 UTC 2023
Preset ,Mon Jul 03 01:51:54 UTC 2023
TechGirlz,Mon Jul 03 00:14:18 UTC 2023
McLean Hospital,Sat Jul 01 02:53:20 UTC 2023
Leap Academy,Sat Jul 01 02:47:53 UTC 2023
NauWork,Thu Jun 29 21:33:35 UTC 2023
Neurala,Wed Jun 28 01:08:49 UTC 2023
Bending Spoons,Wed Jun 28 01:08:46 UTC 2023
Formlabs,Wed Jun 28 01:07:09 UTC 2023
Varjo,Wed Jun 28 01:07:03 UTC 2023
Lenovo Workstations,Wed Jun 28 01:06:58 UTC 2023
Path,Mon Jun 26 17:20:02 UTC 2023
egnite Health,Mon Jun 26 17:19:58 UTC 2023
Chariot Solutions,Mon Jun 26 02:34:44 UTC 2023
"Integer 32, LLC",Mon Jun 26 02:31:09 UTC 2023
Embark Studios,Mon Jun 26 02:03:46 UTC 2023
Intrinsic,Mon Jun 26 00:05:20 UTC 2023
Hyf√©,Sun Jun 25 20:14:27 UTC 2023
CASIO International,Sun Jun 25 20:00:02 UTC 2023
Casio India,Sun Jun 25 19:59:53 UTC 2023
"Casio America, Inc.",Sun Jun 25 19:59:52 UTC 2023
Neon,Sun Jun 25 19:25:34 UTC 2023
AsyncAPI Initiative,Sun Jun 25 01:37:22 UTC 2023
"ABA Technologies, Inc.",Sat Jun 24 21:13:48 UTC 2023
ABA Academy of Excellence,Sat Jun 24 21:13:46 UTC 2023
ABA Centers of Florida,Sat Jun 24 21:13:44 UTC 2023
ABA Centers of America,Sat Jun 24 21:13:41 UTC 2023
ModMed,Sat Jun 24 21:12:44 UTC 2023
ICBD,Sat Jun 24 21:11:09 UTC 2023
ABATECH,Sat Jun 24 21:08:34 UTC 2023
NeuralSpace,Sat Jun 24 21:07:42 UTC 2023
Flow Robotics,Sat Jun 24 21:07:06 UTC 2023
Ternary Data,Sat Jun 24 19:33:47 UTC 2023
GigaSpaces,Sat Jun 24 19:33:04 UTC 2023
Campaign for AI Safety,Sat Jun 24 01:07:32 UTC 2023
Data and AI Ethics PH,Sat Jun 24 01:06:32 UTC 2023
VectorField Co-Operative,Sat Jun 24 00:57:41 UTC 2023
UP Center for Student Innovations,Sat Jun 24 00:57:36 UTC 2023
White House Office of Science and Technology Policy,Sat Jun 24 00:57:31 UTC 2023
Women in AI Ethics‚Ñ¢,Sat Jun 24 00:57:29 UTC 2023
The Ambit,Sat Jun 24 00:57:20 UTC 2023
Kazient Privacy Experts | Data Protection Made Easy Peasy,Sat Jun 24 00:55:22 UTC 2023
AWS Startups,Fri Jun 23 15:43:52 UTC 2023
Storj Institute,Fri Jun 23 15:43:43 UTC 2023
MemVerge,Thu Jun 22 19:42:18 UTC 2023
Pandorium Creative Marketing Agency,Wed Jun 21 01:58:04 UTC 2023
Dagster Labs,Tue Jun 20 21:47:48 UTC 2023
Argo Project,Tue Jun 20 21:26:42 UTC 2023
Harnham,Mon Jun 19 20:57:37 UTC 2023
Dataworks,Mon Jun 19 20:57:29 UTC 2023
ByteNite,Mon Jun 19 20:46:09 UTC 2023
Knight First Amendment Institute at Columbia University,Mon Jun 19 20:45:53 UTC 2023
Rune Labs,Mon Jun 19 03:29:19 UTC 2023
InfluxData,Mon Jun 19 03:22:21 UTC 2023
Lightdash,Sun Jun 18 18:55:13 UTC 2023
Hydra,Sun Jun 18 17:26:06 UTC 2023
Range,Sun Jun 18 02:06:47 UTC 2023
Mistral AI,Sat Jun 17 03:54:25 UTC 2023
Virtuleap,Sat Jun 17 02:36:24 UTC 2023
PNI Therapeutics,Sat Jun 17 02:23:56 UTC 2023
Mento,Sat Jun 17 02:07:36 UTC 2023
Executive Accelerator,Sat Jun 17 01:43:46 UTC 2023
Rezzil,Fri Jun 16 15:41:20 UTC 2023
Electronic Privacy Information Center,Fri Jun 16 15:28:48 UTC 2023
ADAPT Centre,Fri Jun 16 15:27:49 UTC 2023
Trinity College Dublin,Fri Jun 16 15:27:27 UTC 2023
AFP,Fri Jun 16 15:23:15 UTC 2023
Nieman Foundation for Journalism at Harvard,Fri Jun 16 03:00:07 UTC 2023
Nieman Journalism Lab,Fri Jun 16 02:59:59 UTC 2023
Weave,Fri Jun 16 02:15:27 UTC 2023
Entos Pharmaceuticals,Fri Jun 16 01:58:57 UTC 2023
Iambic Therapeutics,Fri Jun 16 01:58:52 UTC 2023
American Academy of Stem Cell Physicians,Fri Jun 16 01:48:20 UTC 2023
"BioInformant, Your Global Leader in Stem Cell Industry Data",Fri Jun 16 01:48:17 UTC 2023
Revvity Signals,Thu Jun 15 21:33:45 UTC 2023
Signal Messenger,Wed Jun 14 19:44:17 UTC 2023
Freedom2hear,Wed Jun 14 02:42:24 UTC 2023
OpenTeams,Wed Jun 14 01:10:24 UTC 2023
Slack,Mon Jun 12 21:52:17 UTC 2023
Revision Path,Mon Jun 12 21:38:01 UTC 2023
TED Conferences,Mon Jun 12 14:31:34 UTC 2023
"The Laboratory of Environmental Biotechnology, Water Industry Engineering, Kinneret Academic College",Sun Jun 11 03:21:10 UTC 2023
Life Technologies,Sun Jun 11 03:21:02 UTC 2023
Applied Bioscience Consultants & Distributors,Sun Jun 11 03:20:56 UTC 2023
Humn,Sun Jun 11 02:56:38 UTC 2023
8400 The Health Network,Fri Jun 09 01:52:13 UTC 2023
Local First Georgia Directory,Thu Jun 08 02:34:45 UTC 2023
Veradigm¬Æ,Wed Jun 07 12:59:01 UTC 2023
VGXSecurity,Wed Jun 07 01:59:22 UTC 2023
Equal Education,Wed Jun 07 01:26:59 UTC 2023
For Real Therapy,Tue Jun 06 18:24:07 UTC 2023
AI for Better,Tue Jun 06 18:24:05 UTC 2023
Feminist.AI,Tue Jun 06 18:24:04 UTC 2023
POIETO,Tue Jun 06 18:23:55 UTC 2023
Global Internet Forum to Counter Terrorism (GIFCT),Tue Jun 06 17:11:38 UTC 2023
ZOE,Tue Jun 06 15:59:53 UTC 2023
VitaBowl,Tue Jun 06 15:59:42 UTC 2023
NourishedRx,Tue Jun 06 15:59:35 UTC 2023
CAVA,Tue Jun 06 15:59:14 UTC 2023
FoodHealth Company,Tue Jun 06 15:59:07 UTC 2023
Anti-Defamation League,Tue Jun 06 14:21:24 UTC 2023
Longevity.Technology,Tue Jun 06 13:27:25 UTC 2023
First Longevity,Tue Jun 06 13:27:20 UTC 2023
Afropolitan,Tue Jun 06 13:26:49 UTC 2023
HPC-AI Tech,Tue Jun 06 03:37:30 UTC 2023
General Index,Mon Jun 05 14:43:19 UTC 2023
CyCAT | Cyprus Center for Trustworthy AI,Mon Jun 05 14:43:01 UTC 2023
The Algorithmic Bias Lab,Mon Jun 05 14:42:54 UTC 2023
Crystal Knows,Sun Jun 04 00:57:14 UTC 2023
Reboot Rx,Sat Jun 03 14:41:27 UTC 2023
Draper Richards Kaplan Foundation,Sat Jun 03 14:10:57 UTC 2023
The Hub Project,Fri Jun 02 15:38:50 UTC 2023
Data Privacy,Fri Jun 02 15:38:40 UTC 2023
Groundwork Collaborative,Fri Jun 02 15:38:16 UTC 2023
Seaplane IO,Fri Jun 02 01:11:52 UTC 2023
Horizontal Talent,Thu Jun 01 02:22:02 UTC 2023
Blue Spark Technologies,Thu Jun 01 02:10:11 UTC 2023
Scorpion Therapeutics,Thu Jun 01 02:09:49 UTC 2023
Ripple Neuro,Thu Jun 01 02:09:46 UTC 2023
Aural Analytics,Thu Jun 01 02:08:55 UTC 2023
Koneksa,Thu Jun 01 02:08:50 UTC 2023
Linus Health,Thu Jun 01 02:08:49 UTC 2023
"MedRhythms, Inc.",Thu Jun 01 02:08:48 UTC 2023
Tamarisc Ventures,Thu Jun 01 02:08:46 UTC 2023
Winterlight Labs,Thu Jun 01 02:08:44 UTC 2023
Pivotal Analytics,Thu Jun 01 02:08:43 UTC 2023
Induro,Wed May 31 19:44:20 UTC 2023
MITRE,Wed May 31 14:25:38 UTC 2023
MLSecOps Community,Wed May 31 14:23:09 UTC 2023
Secureworks,Wed May 31 13:50:52 UTC 2023
Synergy Interactive,Tue May 30 18:50:43 UTC 2023
OpenInfra Foundation,Tue May 30 18:00:55 UTC 2023
OpenStack,Tue May 30 18:00:33 UTC 2023
Futran Solutions,Tue May 30 04:39:06 UTC 2023
Talentify.io,Tue May 30 04:27:37 UTC 2023
Strider Technologies,Tue May 30 04:22:59 UTC 2023
Great Expectations,Tue May 30 04:22:24 UTC 2023
mParticle by Rokt,Tue May 30 04:21:50 UTC 2023
Lytics,Tue May 30 04:21:53 UTC 2023
Looker,Tue May 30 04:21:12 UTC 2023
Data Engineering,Tue May 30 04:20:14 UTC 2023
Esri,Tue May 30 04:20:19 UTC 2023
Qlik,Tue May 30 04:19:27 UTC 2023
Collibra,Tue May 30 04:19:01 UTC 2023
GoodTherapy,Tue May 30 04:18:39 UTC 2023
Informatica,Tue May 30 04:18:42 UTC 2023
Airbyte,Tue May 30 03:25:09 UTC 2023
re_data,Tue May 30 03:23:41 UTC 2023
Zapier,Tue May 30 02:29:56 UTC 2023
Mathematica,Tue May 30 02:29:47 UTC 2023
Wolfram U,Tue May 30 02:29:43 UTC 2023
TROR.nl,Mon May 29 20:05:59 UTC 2023
Tror - AI for everyone,Mon May 29 20:05:17 UTC 2023
Liquidia Corporation,Mon May 29 19:40:38 UTC 2023
"Alexion Pharmaceuticals, Inc.",Mon May 29 19:40:36 UTC 2023
United Therapeutics Corporation,Mon May 29 19:40:32 UTC 2023
Robigo,Mon May 29 19:38:08 UTC 2023
MicroByre,Mon May 29 19:38:07 UTC 2023
"Antheia, Inc.",Mon May 29 19:38:04 UTC 2023
"Aanika Biosciences, Inc.",Mon May 29 19:37:58 UTC 2023
PharmiWeb.jobs: Global Life Science Jobs,Mon May 29 03:10:43 UTC 2023
Diverse Lynx,Mon May 29 03:04:19 UTC 2023
RxCloud,Mon May 29 03:00:12 UTC 2023
Bitwise,Sun May 28 15:28:55 UTC 2023
Department of Information and Communications Technology,Sun May 28 15:25:27 UTC 2023
Andreessen Horowitz,Sun May 28 15:25:22 UTC 2023
Accel,Sun May 28 15:25:10 UTC 2023
Sciprex,Sun May 28 13:36:29 UTC 2023
101 Blockchains,Sun May 28 13:34:52 UTC 2023
Veridas,Sun May 28 03:00:38 UTC 2023
Epic Advanced Materials,Sun May 28 02:59:08 UTC 2023
Acesio Inc. ,Sun May 28 02:58:55 UTC 2023
AthenaDAO,Sun May 28 02:56:07 UTC 2023
ValleyDAO,Sun May 28 02:53:17 UTC 2023
Lifespan News,Sun May 28 02:52:53 UTC 2023
Altos Labs,Sun May 28 02:47:54 UTC 2023
Arc Institute,Sun May 28 02:47:45 UTC 2023
Revolution.AI,Sun May 28 02:24:50 UTC 2023
Flexx,Sun May 28 00:46:47 UTC 2023
Snorkel AI,Sat May 27 03:04:30 UTC 2023
Yellow.ai,Sat May 27 03:04:27 UTC 2023
Primer.ai,Sat May 27 03:04:19 UTC 2023
Scale AI,Sat May 27 02:58:04 UTC 2023
Abacus.AI,Sat May 27 02:57:19 UTC 2023
Runway,Sat May 27 02:52:52 UTC 2023
DigitalGenius,Sat May 27 02:46:27 UTC 2023
Heimdal,Sat May 27 02:29:59 UTC 2023
Better Dairy,Sat May 27 02:29:58 UTC 2023
Really Clever,Sat May 27 02:29:56 UTC 2023
FlexSea,Sat May 27 02:29:55 UTC 2023
Bright Biotech,Sat May 27 02:29:55 UTC 2023
"Seelos Therapeutics, Inc.",Sat May 27 02:00:33 UTC 2023
Mind Medicine Australia ,Sat May 27 01:59:38 UTC 2023
Mindset Pharma,Sat May 27 01:56:59 UTC 2023
Osmind,Sat May 27 01:56:59 UTC 2023
MINDCURE ,Sat May 27 01:56:58 UTC 2023
Journey Clinical,Sat May 27 01:56:57 UTC 2023
Third Wave,Sat May 27 01:56:54 UTC 2023
Eleusis,Sat May 27 01:56:53 UTC 2023
Solvonis Therapeutics (formerly Awakn),Sat May 27 01:56:50 UTC 2023
Psychedelic Medicine Association,Sat May 27 01:56:49 UTC 2023
Lykos Therapeutics,Sat May 27 01:56:46 UTC 2023
Psychedelics Today,Sat May 27 01:56:44 UTC 2023
Microdose Psychedelic Insights,Sat May 27 01:56:43 UTC 2023
Johns Hopkins Center for Psychedelic and Consciousness Research ,Sat May 27 01:56:42 UTC 2023
Multidisciplinary Association for Psychedelic Studies (MAPS),Sat May 27 01:56:38 UTC 2023
Numinus,Sat May 27 01:56:36 UTC 2023
Mindbloom,Sat May 27 01:56:35 UTC 2023
Field Trip Health (Now Stella Mental Health),Sat May 27 01:56:31 UTC 2023
Compass Pathways,Sat May 27 01:56:28 UTC 2023
MindMed,Sat May 27 01:56:26 UTC 2023
Cybin Inc,Sat May 27 01:56:23 UTC 2023
atai Life Sciences,Sat May 27 01:55:56 UTC 2023
Lowercarbon Capital,Sat May 27 01:52:29 UTC 2023
Climeworks,Sat May 27 01:52:28 UTC 2023
Syzygy Plasmonics,Sat May 27 01:52:23 UTC 2023
LanzaTech,Sat May 27 01:52:23 UTC 2023
Watershed,Sat May 27 01:52:21 UTC 2023
Noya,Sat May 27 01:52:20 UTC 2023
Twelve,Sat May 27 01:52:19 UTC 2023
Solugen,Sat May 27 01:52:39 UTC 2023
humble bee bio,Sat May 27 01:43:20 UTC 2023
Geno,Sat May 27 01:43:19 UTC 2023
Checkerspot,Sat May 27 01:43:09 UTC 2023
Portal Innovations,Sat May 27 00:48:08 UTC 2023
"OpenCell Technologies, Inc.",Sat May 27 00:46:17 UTC 2023
VERO Biotech,Sat May 27 00:46:12 UTC 2023
Andson Biotech,Sat May 27 00:46:04 UTC 2023
BiotechExec,Sat May 27 00:44:33 UTC 2023
"Officinae Bio, part of Maravai LifeSciences",Fri May 26 23:23:46 UTC 2023
deepmirror,Fri May 26 23:21:27 UTC 2023
Neoplants,Fri May 26 23:19:45 UTC 2023
GECCO Biotech,Fri May 26 23:19:40 UTC 2023
EV Biotech,Fri May 26 23:19:24 UTC 2023
Origin Algae,Fri May 26 23:16:00 UTC 2023
Concert Bio,Fri May 26 23:15:59 UTC 2023
PhycoWorks,Fri May 26 23:15:52 UTC 2023
Eden Genetics Ltd,Fri May 26 23:12:30 UTC 2023
Compound Labs,Fri May 26 21:40:30 UTC 2023
Compound,Fri May 26 21:39:55 UTC 2023
Technology Innovation Institute,Fri May 26 15:28:51 UTC 2023
Analytic Vizion,Fri May 26 03:25:49 UTC 2023
dbt Labs,Fri May 26 03:23:34 UTC 2023
Saxon AI,Fri May 26 03:11:29 UTC 2023
The Gradient,Fri May 26 02:09:50 UTC 2023
Vineti,Thu May 25 17:50:23 UTC 2023
Reliant Life Sciences ,Thu May 25 17:50:07 UTC 2023
Veeva Systems,Thu May 25 17:46:51 UTC 2023
WTF Health ,Thu May 25 15:21:05 UTC 2023
The Planet Group,Thu May 25 02:53:04 UTC 2023
The British Blockchain Association,Thu May 25 01:51:44 UTC 2023
Terabase Energy,Wed May 24 16:03:31 UTC 2023
WITNESS,Wed May 24 03:26:23 UTC 2023
Freedom House,Wed May 24 03:08:30 UTC 2023
International IDEA,Wed May 24 03:07:24 UTC 2023
National Democratic Institute (NDI),Wed May 24 03:06:55 UTC 2023
The International Foundation for Electoral Systems,Wed May 24 03:05:31 UTC 2023
Revvity for Diagnostics,Tue May 23 21:15:43 UTC 2023
Revvity for Life Sciences,Tue May 23 21:13:47 UTC 2023
UnitedMasters,Tue May 23 20:26:05 UTC 2023
Scripps Health,Tue May 23 02:47:29 UTC 2023
Scripps Research,Tue May 23 02:47:09 UTC 2023
CarbonGraph,Tue May 23 02:35:59 UTC 2023
Climate Robotics,Tue May 23 02:35:52 UTC 2023
Terraform Industries,Tue May 23 02:35:46 UTC 2023
Electric Hydrogen,Tue May 23 02:28:09 UTC 2023
Avalanche Energy,Tue May 23 02:28:05 UTC 2023
Xcimer Energy Corporation,Tue May 23 02:26:42 UTC 2023
Zap Energy,Tue May 23 02:21:15 UTC 2023
First Light Fusion,Tue May 23 02:21:14 UTC 2023
Form Energy,Tue May 23 02:21:13 UTC 2023
TerraPower,Tue May 23 02:21:12 UTC 2023
"TAE Technologies, Inc",Tue May 23 02:21:03 UTC 2023
Helion,Tue May 23 02:20:34 UTC 2023
Commonwealth Fusion Systems,Tue May 23 02:20:26 UTC 2023
General Fusion,Tue May 23 02:17:20 UTC 2023
Tokamak Energy,Tue May 23 02:17:17 UTC 2023
UK Atomic Energy Authority,Tue May 23 02:17:14 UTC 2023
CEA,Tue May 23 02:17:13 UTC 2023
Fusion for Energy,Tue May 23 02:16:55 UTC 2023
Lawrence Livermore National Laboratory,Tue May 23 02:14:38 UTC 2023
Enlyt Health,Tue May 23 02:08:52 UTC 2023
Numentica,Tue May 23 02:06:08 UTC 2023
Max Planck Institute for Software Systems (MPI-SWS),Tue May 23 01:04:47 UTC 2023
Max Planck Institute for Mathematics in the Sciences,Tue May 23 01:04:42 UTC 2023
Max Planck Florida Institute for Neuroscience,Tue May 23 01:04:38 UTC 2023
Max Planck Institute of Molecular Physiology,Tue May 23 01:04:31 UTC 2023
MPI-CBG - Max Planck Institute of Molecular Cell Biology and Genetics,Tue May 23 01:04:30 UTC 2023
Max Planck Institute for Human Development,Tue May 23 01:04:28 UTC 2023
"Max-Planck Institute for Solid State Research, Stuttgart, Germany",Tue May 23 01:04:23 UTC 2023
Max Planck Institute for Brain Research,Tue May 23 01:04:16 UTC 2023
Max Planck Institute for Informatics,Tue May 23 01:04:12 UTC 2023
Max Planck Institute for Innovation and Competition,Tue May 23 01:04:08 UTC 2023
Max Planck Institute of Colloids and Interfaces,Tue May 23 01:04:07 UTC 2023
Max Planck Institute for Infection Biology,Tue May 23 01:04:05 UTC 2023
Max Planck Institute for Dynamics and Self-Organization,Tue May 23 01:04:03 UTC 2023
Max Planck Institute for Psycholinguistics,Tue May 23 01:03:59 UTC 2023
Max Planck Institute for Molecular Biomedicine,Tue May 23 01:03:58 UTC 2023
Luxembourg Centre for European Law (LCEL) - University of Luxembourg,Tue May 23 01:03:56 UTC 2023
Max Planck Institute for Physics,Tue May 23 01:03:54 UTC 2023
Max Planck Institute of Biophysics,Tue May 23 01:03:52 UTC 2023
Max Planck Institute for Medical Research,Tue May 23 01:03:50 UTC 2023
Max Planck Institute for Astronomy,Tue May 23 01:03:49 UTC 2023
Max Planck Institute for Comparative Public Law and International Law,Tue May 23 01:03:47 UTC 2023
Max Planck Institute of Immunobiology and Epigenetics,Tue May 23 01:03:44 UTC 2023
Max Planck Institute for Human Cognitive and Brain Sciences,Tue May 23 01:03:42 UTC 2023
Max Planck Institute for the Science of Light,Tue May 23 01:03:40 UTC 2023
Max Planck Institute for Intelligent Systems,Tue May 23 01:03:32 UTC 2023
Max Planck Institute for Extraterrestrial Physics,Tue May 23 01:03:30 UTC 2023
Max Planck Institute of Biochemistry,Tue May 23 01:03:27 UTC 2023
Max Planck Institute for Molecular Genetics (MPI-MG),Tue May 23 01:03:25 UTC 2023
Max Planck Institute for Biological Intelligence,Tue May 23 01:03:22 UTC 2023
Max Planck Institute for Biology of Ageing,Tue May 23 01:03:20 UTC 2023
Max Planck Institute for Multidisciplinary Sciences,Tue May 23 01:03:14 UTC 2023
Max Planck Institute of Quantum Optics,Tue May 23 01:03:07 UTC 2023
Cayuse ,Mon May 22 21:36:28 UTC 2023
Data Protection People,Mon May 22 02:52:33 UTC 2023
Data Protection Network Associates,Mon May 22 02:46:46 UTC 2023
Latent AI,Sun May 21 19:53:49 UTC 2023
OpenClassrooms,Sun May 21 19:50:28 UTC 2023
IRL,Sun May 21 12:52:01 UTC 2023
Modulos AG,Sun May 21 12:52:00 UTC 2023
Distyl AI,Sun May 21 12:51:58 UTC 2023
ontocord.ai,Sun May 21 12:51:57 UTC 2023
Together AI,Sun May 21 12:49:01 UTC 2023
NNOXX Inc.,Sun May 21 00:04:48 UTC 2023
Protera,Sat May 20 03:44:29 UTC 2023
"FibroGen, Inc.",Sat May 20 03:43:47 UTC 2023
TeselaGen Biotechnology,Sat May 20 03:43:16 UTC 2023
Maverick Metals,Sat May 20 03:40:27 UTC 2023
PANGAIA,Sat May 20 03:39:56 UTC 2023
Biofabricate,Sat May 20 03:39:41 UTC 2023
Colorifix,Sat May 20 03:39:27 UTC 2023
Ecovative,Sat May 20 03:35:02 UTC 2023
AgBiome,Sat May 20 03:35:00 UTC 2023
Modern Meadow,Sat May 20 03:34:58 UTC 2023
BioSpace,Sat May 20 03:34:56 UTC 2023
Caribou Biosciences,Sat May 20 03:34:54 UTC 2023
Geltor,Sat May 20 03:34:52 UTC 2023
Dupla Bio,Sat May 20 03:34:51 UTC 2023
MycoWorks,Sat May 20 03:34:47 UTC 2023
Bolt,Sat May 20 03:34:45 UTC 2023
Joyn Bio,Sat May 20 03:34:44 UTC 2023
GreenLight Biosciences,Sat May 20 03:34:42 UTC 2023
Pivot Bio,Sat May 20 03:34:40 UTC 2023
Amyris,Sat May 20 03:34:38 UTC 2023
Zymergen,Sat May 20 03:34:37 UTC 2023
SynBioBeta,Sat May 20 03:28:40 UTC 2023
Varda Space Industries,Sat May 20 03:27:32 UTC 2023
Heirloom,Sat May 20 02:37:25 UTC 2023
Running Tide,Sat May 20 02:37:24 UTC 2023
Charm Industrial,Sat May 20 02:37:17 UTC 2023
AAPC,Sat May 20 02:09:58 UTC 2023
HEAVY.AI,Fri May 19 22:49:50 UTC 2023
Forteller,Fri May 19 22:49:33 UTC 2023
Lovelace Studio,Fri May 19 22:25:45 UTC 2023
"QuantumBlack, AI by McKinsey",Fri May 19 17:41:41 UTC 2023
The AI Initiative @ The Future Society,Fri May 19 00:59:59 UTC 2023
infinitio AI,Fri May 19 00:59:54 UTC 2023
VALDI,Fri May 19 00:29:23 UTC 2023
Pearl Health,Thu May 18 15:41:42 UTC 2023
Tomorrow Health,Thu May 18 15:41:31 UTC 2023
Turquoise Health,Thu May 18 15:41:05 UTC 2023
Glass Health,Thu May 18 15:40:52 UTC 2023
Atropos Health,Thu May 18 15:40:22 UTC 2023
AE Business Solutions,Thu May 18 01:07:31 UTC 2023
Ascensia Diabetes Care,Thu May 18 01:07:28 UTC 2023
LifeScan,Thu May 18 01:07:24 UTC 2023
WOMEN IN TECH ¬Æ Global,Wed May 17 02:48:25 UTC 2023
Queer In AI,Wed May 17 02:48:12 UTC 2023
Latinx in AI (LXAI),Wed May 17 02:48:05 UTC 2023
SambaNova,Wed May 17 02:35:43 UTC 2023
Groq,Wed May 17 02:35:11 UTC 2023
Cerebras Systems,Wed May 17 02:34:41 UTC 2023
Graphcore,Wed May 17 02:34:18 UTC 2023
Paperspace (now DigitalOcean),Wed May 17 02:33:11 UTC 2023
Codecademy,Wed May 17 02:31:27 UTC 2023
Replit,Wed May 17 02:31:16 UTC 2023
The Verge,Wed May 17 02:30:28 UTC 2023
WIRED,Wed May 17 02:30:27 UTC 2023
Q.ai - a Forbes company,Wed May 17 02:29:29 UTC 2023
Black Innovation Alliance,Wed May 17 01:40:41 UTC 2023
Pink Cornrows,Wed May 17 01:40:38 UTC 2023
Black Equity Collective,Wed May 17 01:40:17 UTC 2023
TheFutureinBlack‚Ñ¢,Wed May 17 01:28:14 UTC 2023
Nonlinear,Mon May 15 21:16:04 UTC 2023
Shadowing AI,Mon May 15 20:51:51 UTC 2023
Delix Therapeutics,Mon May 15 16:45:52 UTC 2023
Simcha Therapeutics,Mon May 15 16:45:08 UTC 2023
Seranova Bio,Mon May 15 16:45:11 UTC 2023
Neogene Therapeutics,Mon May 15 16:44:20 UTC 2023
Appia Bio,Mon May 15 16:44:13 UTC 2023
"Axial Therapeutics, Inc.",Mon May 15 16:42:17 UTC 2023
Ferma Farms,Mon May 15 16:42:16 UTC 2023
Axial,Mon May 15 16:42:00 UTC 2023
Axial,Mon May 15 16:41:45 UTC 2023
Meliora Therapeutics,Mon May 15 03:22:42 UTC 2023
Corps Team,Mon May 15 01:57:29 UTC 2023